canonical_station_id,ts_hour,station_netflow,model_netflow
STN_0003,2025-08-01T00:00:00.000+08:00,-6,-1.1539020048650883
STN_0003,2025-08-01T01:00:00.000+08:00,3,1.803284507816631
STN_0003,2025-08-01T02:00:00.000+08:00,-10,-0.06520449858865263
STN_0003,2025-08-01T03:00:00.000+08:00,-8,-1.5366282482222378
STN_0003,2025-08-01T04:00:00.000+08:00,10,2.4072395885498032
STN_0003,2025-08-01T05:00:00.000+08:00,0,-2.9461378345157385
STN_0003,2025-08-01T06:00:00.000+08:00,-4,-2.254710629113795
STN_0003,2025-08-01T07:00:00.000+08:00,-8,-2.180183511885822
STN_0003,2025-08-01T08:00:00.000+08:00,-3,-1.530910116225428
STN_0003,2025-08-01T09:00:00.000+08:00,-10,-2.825956349083139
STN_0003,2025-08-01T10:00:00.000+08:00,3,-1.3371249790010875
STN_0003,2025-08-01T11:00:00.000+08:00,17,-0.955563108135788
STN_0003,2025-08-01T12:00:00.000+08:00,-11,-2.295092267088517
STN_0003,2025-08-01T13:00:00.000+08:00,-3,-2.336743662566552
STN_0003,2025-08-01T14:00:00.000+08:00,4,-2.2095682859489187
STN_0003,2025-08-01T15:00:00.000+08:00,-4,-2.0220262640396527
STN_0003,2025-08-01T16:00:00.000+08:00,-4,-0.7753377800264238
STN_0003,2025-08-01T17:00:00.000+08:00,-2,-0.06457840118183134
STN_0003,2025-08-01T18:00:00.000+08:00,0,-0.5407280169355833
STN_0003,2025-08-01T19:00:00.000+08:00,-3,-3.6252383597236433
STN_0003,2025-08-01T20:00:00.000+08:00,1,-3.090337005763997
STN_0003,2025-08-01T21:00:00.000+08:00,-2,0.011854605982513533
STN_0003,2025-08-01T22:00:00.000+08:00,-1,-0.7363199709217039
STN_0003,2025-08-01T23:00:00.000+08:00,-1,-0.3736300887850703
STN_0003,2025-08-02T00:00:00.000+08:00,4,1.591553435885423
STN_0003,2025-08-02T01:00:00.000+08:00,2,2.213960698679738
STN_0003,2025-08-02T02:00:00.000+08:00,-9,-0.7327686976548726
STN_0003,2025-08-02T03:00:00.000+08:00,1,0.9057581218157047
STN_0003,2025-08-02T04:00:00.000+08:00,6,0.996275545480902
STN_0003,2025-08-02T05:00:00.000+08:00,10,0.37058453992261775
STN_0003,2025-08-02T06:00:00.000+08:00,10,1.2910196647954564
STN_0003,2025-08-02T07:00:00.000+08:00,-9,0.579443077206264
STN_0003,2025-08-02T08:00:00.000+08:00,-13,0.810599278197305
STN_0003,2025-08-02T09:00:00.000+08:00,-3,0.5010703321544234
STN_0003,2025-08-02T10:00:00.000+08:00,0,-1.3530721076929044
STN_0003,2025-08-02T11:00:00.000+08:00,2,-3.100568110213379
STN_0003,2025-08-02T12:00:00.000+08:00,-10,-5.936155864879922
STN_0003,2025-08-02T13:00:00.000+08:00,3,-5.734197705009816
STN_0003,2025-08-02T14:00:00.000+08:00,-7,-5.251862909076479
STN_0003,2025-08-02T15:00:00.000+08:00,-5,-2.5609868822545305
STN_0003,2025-08-02T16:00:00.000+08:00,-1,-2.304079679585439
STN_0003,2025-08-02T17:00:00.000+08:00,-2,-0.6628972743528674
STN_0003,2025-08-02T18:00:00.000+08:00,0,-0.4686274577220364
STN_0003,2025-08-02T19:00:00.000+08:00,-1,-0.7253081312861369
STN_0003,2025-08-02T20:00:00.000+08:00,1,-1.8062618375304096
STN_0003,2025-08-02T21:00:00.000+08:00,3,-0.16048207351122024
STN_0003,2025-08-02T22:00:00.000+08:00,-2,-1.3709976819662977
STN_0003,2025-08-02T23:00:00.000+08:00,9,0.4227776665081606
STN_0003,2025-08-03T00:00:00.000+08:00,3,1.980421693112536
STN_0003,2025-08-03T01:00:00.000+08:00,0,1.8704034679049997
STN_0003,2025-08-03T02:00:00.000+08:00,-3,0.3242633682823097
STN_0003,2025-08-03T03:00:00.000+08:00,2,0.16145260968497865
STN_0003,2025-08-03T04:00:00.000+08:00,-12,2.366004200603097
STN_0003,2025-08-03T05:00:00.000+08:00,13,2.6096279123061734
STN_0003,2025-08-03T06:00:00.000+08:00,1,0.2969692737591352
STN_0003,2025-08-03T07:00:00.000+08:00,-4,-0.6698412927852608
STN_0003,2025-08-03T08:00:00.000+08:00,0,1.673422288092521
STN_0003,2025-08-03T09:00:00.000+08:00,3,-0.45541875637047013
STN_0003,2025-08-03T10:00:00.000+08:00,0,-4.177603031617764
STN_0003,2025-08-03T11:00:00.000+08:00,-9,-3.0108381371138666
STN_0003,2025-08-03T12:00:00.000+08:00,1,-4.57100096526468
STN_0003,2025-08-03T13:00:00.000+08:00,-6,-5.5944959224635955
STN_0003,2025-08-03T14:00:00.000+08:00,-1,-3.1853537144107262
STN_0003,2025-08-03T15:00:00.000+08:00,-14,-3.666843187965884
STN_0003,2025-08-03T16:00:00.000+08:00,0,-2.846109203365882
STN_0003,2025-08-03T17:00:00.000+08:00,0,-0.436763640333923
STN_0003,2025-08-03T18:00:00.000+08:00,2,-0.5124983643941099
STN_0003,2025-08-03T19:00:00.000+08:00,1,-2.3479961139205816
STN_0003,2025-08-03T20:00:00.000+08:00,-3,-1.3995967902749862
STN_0003,2025-08-03T21:00:00.000+08:00,6,-0.06760061077200774
STN_0003,2025-08-03T22:00:00.000+08:00,-5,1.2805052523921425
STN_0003,2025-08-03T23:00:00.000+08:00,4,-0.38646297926128526
STN_0003,2025-08-04T00:00:00.000+08:00,-2,-1.8700899435612417
STN_0003,2025-08-04T01:00:00.000+08:00,-2,0.33577407931326597
STN_0003,2025-08-04T02:00:00.000+08:00,4,0.8104790235416246
STN_0003,2025-08-04T03:00:00.000+08:00,3,0.8830099459469132
STN_0003,2025-08-04T04:00:00.000+08:00,1,1.2319159730100502
STN_0003,2025-08-04T05:00:00.000+08:00,2,0.9967858259151967
STN_0003,2025-08-04T06:00:00.000+08:00,-10,-0.6721448656146123
STN_0003,2025-08-04T07:00:00.000+08:00,4,1.5626000542160483
STN_0003,2025-08-04T08:00:00.000+08:00,0,-0.28402806538760217
STN_0003,2025-08-04T09:00:00.000+08:00,-10,-0.5368953626162742
STN_0003,2025-08-04T10:00:00.000+08:00,14,1.067121274234995
STN_0003,2025-08-04T11:00:00.000+08:00,8,-0.8242175237998968
STN_0003,2025-08-04T12:00:00.000+08:00,-4,-1.0300012051274514
STN_0003,2025-08-04T13:00:00.000+08:00,3,-0.5467851689274577
STN_0003,2025-08-04T14:00:00.000+08:00,-7,-1.4683330875634082
STN_0003,2025-08-04T15:00:00.000+08:00,-4,-1.2020602848158646
STN_0003,2025-08-04T16:00:00.000+08:00,-5,-0.9305447320216709
STN_0003,2025-08-04T17:00:00.000+08:00,0,-0.3758211222722496
STN_0003,2025-08-04T18:00:00.000+08:00,3,-0.9133743201683
STN_0003,2025-08-04T19:00:00.000+08:00,-5,-5.356676259133119
STN_0003,2025-08-04T20:00:00.000+08:00,-4,-6.714813561333592
STN_0003,2025-08-04T21:00:00.000+08:00,8,2.0022863283283705
STN_0003,2025-08-04T22:00:00.000+08:00,6,-0.07186140163078214
STN_0003,2025-08-04T23:00:00.000+08:00,-6,-0.9969624399573505
STN_0003,2025-08-05T00:00:00.000+08:00,1,1.2573667570776728
STN_0003,2025-08-05T01:00:00.000+08:00,-9,0.6050200954548579
STN_0003,2025-08-05T02:00:00.000+08:00,2,2.0345899639594727
STN_0003,2025-08-05T03:00:00.000+08:00,10,2.5009821671373906
STN_0003,2025-08-05T04:00:00.000+08:00,9,2.2976178020546456
STN_0003,2025-08-05T05:00:00.000+08:00,-7,2.979268640367149
STN_0003,2025-08-05T06:00:00.000+08:00,-1,0.7832749223739093
STN_0003,2025-08-05T07:00:00.000+08:00,-4,1.2477774284885363
STN_0003,2025-08-05T08:00:00.000+08:00,9,0.4724141001839506
STN_0003,2025-08-05T09:00:00.000+08:00,0,-0.8239848785994113
STN_0003,2025-08-05T10:00:00.000+08:00,1,-1.316349475748897
STN_0003,2025-08-05T11:00:00.000+08:00,1,0.29803129110865356
STN_0003,2025-08-05T12:00:00.000+08:00,0,-0.5740996320839127
STN_0003,2025-08-05T13:00:00.000+08:00,0,-1.5665464077826359
STN_0003,2025-08-05T14:00:00.000+08:00,0,-1.3191489405591295
STN_0003,2025-08-05T15:00:00.000+08:00,0,-0.62752847370898
STN_0003,2025-08-05T16:00:00.000+08:00,-2,-0.07411964259289572
STN_0003,2025-08-05T17:00:00.000+08:00,0,0.0134740556504227
STN_0003,2025-08-05T18:00:00.000+08:00,1,-1.030065816363663
STN_0003,2025-08-05T19:00:00.000+08:00,0,-2.202510225100511
STN_0003,2025-08-05T20:00:00.000+08:00,-7,-6.047234562520664
STN_0003,2025-08-05T21:00:00.000+08:00,-8,0.5428527950496189
STN_0003,2025-08-05T22:00:00.000+08:00,-3,-0.7799694837616258
STN_0003,2025-08-05T23:00:00.000+08:00,0,-0.415076252877169
STN_0003,2025-08-06T00:00:00.000+08:00,4,-0.6239637301237284
STN_0003,2025-08-06T01:00:00.000+08:00,-1,-2.2760366347108985
STN_0003,2025-08-06T02:00:00.000+08:00,-6,-1.1768772084993628
STN_0003,2025-08-06T03:00:00.000+08:00,-4,-0.5013518589892243
STN_0003,2025-08-06T04:00:00.000+08:00,16,4.435745873485278
STN_0003,2025-08-06T05:00:00.000+08:00,-6,0.0036019631503236837
STN_0003,2025-08-06T06:00:00.000+08:00,2,-1.5200715883436544
STN_0003,2025-08-06T07:00:00.000+08:00,-2,-1.0907828090509675
STN_0003,2025-08-06T08:00:00.000+08:00,5,0.6068117312349806
STN_0003,2025-08-06T09:00:00.000+08:00,-12,-1.3049592030534143
STN_0003,2025-08-06T10:00:00.000+08:00,-1,-0.9853337567572193
STN_0003,2025-08-06T11:00:00.000+08:00,-1,-0.8467529579285387
STN_0003,2025-08-06T12:00:00.000+08:00,0,-0.21426094538131224
STN_0003,2025-08-06T13:00:00.000+08:00,0,-1.8242462387155398
STN_0003,2025-08-06T14:00:00.000+08:00,-1,-0.9476346686613664
STN_0003,2025-08-06T15:00:00.000+08:00,1,-0.972819082792679
STN_0003,2025-08-06T16:00:00.000+08:00,1,-0.11982806154665271
STN_0003,2025-08-06T17:00:00.000+08:00,-2,-0.09390013548307408
STN_0003,2025-08-06T18:00:00.000+08:00,1,-0.840397665210249
STN_0003,2025-08-06T19:00:00.000+08:00,-4,-3.514164127131803
STN_0003,2025-08-06T20:00:00.000+08:00,-10,-7.610352037544496
STN_0003,2025-08-06T21:00:00.000+08:00,6,2.2138314793305387
STN_0003,2025-08-06T22:00:00.000+08:00,-4,-1.1691513957602115
STN_0003,2025-08-06T23:00:00.000+08:00,0,-0.0658005660097416
STN_0003,2025-08-07T00:00:00.000+08:00,-7,-1.2778100284376155
STN_0003,2025-08-07T01:00:00.000+08:00,-1,-1.5327131321618666
STN_0003,2025-08-07T02:00:00.000+08:00,11,1.2166670291233022
STN_0003,2025-08-07T03:00:00.000+08:00,-3,0.38838640994906193
STN_0003,2025-08-07T04:00:00.000+08:00,4,2.7260546271887485
STN_0003,2025-08-07T05:00:00.000+08:00,0,0.6838073032941487
STN_0003,2025-08-07T06:00:00.000+08:00,-15,0.48930279799095544
STN_0003,2025-08-07T07:00:00.000+08:00,-4,0.09385721370607314
STN_0003,2025-08-07T08:00:00.000+08:00,3,-1.2457404784175736
STN_0003,2025-08-07T09:00:00.000+08:00,-1,-1.840425114946017
STN_0003,2025-08-07T10:00:00.000+08:00,1,-1.0925439594037236
STN_0003,2025-08-07T11:00:00.000+08:00,-1,-1.8685636246243043
STN_0003,2025-08-07T12:00:00.000+08:00,1,-0.4636080705193484
STN_0003,2025-08-07T13:00:00.000+08:00,-4,-1.2334804749380957
STN_0003,2025-08-07T14:00:00.000+08:00,-4,-1.5623235265080002
STN_0003,2025-08-07T15:00:00.000+08:00,-2,-1.0219328210430936
STN_0003,2025-08-07T16:00:00.000+08:00,0,-0.3631085666981888
STN_0003,2025-08-07T17:00:00.000+08:00,0,-0.09584157379895963
STN_0003,2025-08-07T18:00:00.000+08:00,0,-1.3864235386601051
STN_0003,2025-08-07T19:00:00.000+08:00,-6,-4.4031457908818314
STN_0003,2025-08-07T20:00:00.000+08:00,-4,-6.669427409907653
STN_0003,2025-08-07T21:00:00.000+08:00,9,2.3226175333963166
STN_0003,2025-08-07T22:00:00.000+08:00,-3,-0.0555686728992999
STN_0003,2025-08-07T23:00:00.000+08:00,1,-0.14517904601046183
STN_0003,2025-08-08T00:00:00.000+08:00,5,0.4471663066610727
STN_0003,2025-08-08T01:00:00.000+08:00,2,2.466781490982749
STN_0003,2025-08-08T02:00:00.000+08:00,6,2.4824114703766327
STN_0003,2025-08-08T03:00:00.000+08:00,-12,1.5568863115757416
STN_0003,2025-08-08T04:00:00.000+08:00,0,2.893834686219286
STN_0003,2025-08-08T05:00:00.000+08:00,-4,0.3376062417243837
STN_0003,2025-08-08T06:00:00.000+08:00,-10,-3.156088023119729
STN_0003,2025-08-08T07:00:00.000+08:00,-2,-2.396912252519691
STN_0003,2025-08-08T08:00:00.000+08:00,-7,-2.7487472886445445
STN_0003,2025-08-08T09:00:00.000+08:00,1,-3.074915544824968
STN_0003,2025-08-08T10:00:00.000+08:00,9,-1.6153848732983391
STN_0003,2025-08-08T11:00:00.000+08:00,-3,-1.6877409761129325
STN_0003,2025-08-08T12:00:00.000+08:00,6,-0.7119722831085227
STN_0003,2025-08-08T13:00:00.000+08:00,-15,-3.0952324121173644
STN_0003,2025-08-08T14:00:00.000+08:00,-1,-2.980631182988246
STN_0003,2025-08-08T15:00:00.000+08:00,-11,-2.354226879193095
STN_0003,2025-08-08T16:00:00.000+08:00,-2,-1.2921987669120356
STN_0003,2025-08-08T17:00:00.000+08:00,2,-0.23861159945350197
STN_0003,2025-08-08T18:00:00.000+08:00,3,-0.6943948192069582
STN_0003,2025-08-08T19:00:00.000+08:00,-3,-4.346489103097214
STN_0003,2025-08-08T20:00:00.000+08:00,-9,-8.626622315682877
STN_0003,2025-08-08T21:00:00.000+08:00,4,0.5944236716676787
STN_0003,2025-08-08T22:00:00.000+08:00,-3,-1.6236972364778826
STN_0003,2025-08-08T23:00:00.000+08:00,2,-0.9898704260425752
STN_0003,2025-08-09T00:00:00.000+08:00,8,-0.018162259217421095
STN_0003,2025-08-09T01:00:00.000+08:00,-4,0.697332433421046
STN_0003,2025-08-09T02:00:00.000+08:00,3,0.7535184883435591
STN_0003,2025-08-09T03:00:00.000+08:00,-4,2.2322466079262426
STN_0003,2025-08-09T04:00:00.000+08:00,0,1.775073773840802
STN_0003,2025-08-09T05:00:00.000+08:00,-4,1.0004579633212707
STN_0003,2025-08-09T06:00:00.000+08:00,4,0.3079635177884903
STN_0003,2025-08-09T07:00:00.000+08:00,2,-0.031049489125400953
STN_0003,2025-08-09T08:00:00.000+08:00,1,-0.4457574176060142
STN_0003,2025-08-09T09:00:00.000+08:00,2,0.06631935640815811
STN_0003,2025-08-09T10:00:00.000+08:00,-7,-0.9802258070277059
STN_0003,2025-08-09T11:00:00.000+08:00,2,-1.6822077452247477
STN_0003,2025-08-09T12:00:00.000+08:00,-7,-3.91100588483798
STN_0003,2025-08-09T13:00:00.000+08:00,-12,-6.263304843230465
STN_0003,2025-08-09T14:00:00.000+08:00,0,-4.213513281324093
STN_0003,2025-08-09T15:00:00.000+08:00,-4,-5.373256731013016
STN_0003,2025-08-09T16:00:00.000+08:00,0,-3.6975667133958727
STN_0003,2025-08-09T17:00:00.000+08:00,1,-0.8056909844326396
STN_0003,2025-08-09T18:00:00.000+08:00,-2,-0.4597720085282502
STN_0003,2025-08-09T19:00:00.000+08:00,-5,-1.8108203784884962
STN_0003,2025-08-09T20:00:00.000+08:00,2,-1.3439541578737808
STN_0003,2025-08-09T21:00:00.000+08:00,4,0.31233809408966895
STN_0003,2025-08-09T22:00:00.000+08:00,4,-1.375370942451541
STN_0003,2025-08-09T23:00:00.000+08:00,-5,-1.1653992839901939
STN_0003,2025-08-10T00:00:00.000+08:00,-17,-0.5629229258084898
STN_0003,2025-08-10T01:00:00.000+08:00,2,1.8327308050431945
STN_0003,2025-08-10T02:00:00.000+08:00,1,-0.22850786132014278
STN_0003,2025-08-10T03:00:00.000+08:00,1,-2.9927475278159505
STN_0003,2025-08-10T04:00:00.000+08:00,-18,-4.0032963858811
STN_0003,2025-08-10T05:00:00.000+08:00,4,0.5778459388937449
STN_0003,2025-08-10T06:00:00.000+08:00,-10,-3.9483367346778415
STN_0003,2025-08-10T07:00:00.000+08:00,7,1.8898099989056938
STN_0003,2025-08-10T08:00:00.000+08:00,3,-2.877052736157683
STN_0003,2025-08-10T09:00:00.000+08:00,-2,-5.18130451675685
STN_0003,2025-08-10T10:00:00.000+08:00,1,-2.9871790170247348
STN_0003,2025-08-10T11:00:00.000+08:00,-7,-3.6108484960688454
STN_0003,2025-08-10T12:00:00.000+08:00,4,-3.631748884467928
STN_0003,2025-08-10T13:00:00.000+08:00,-11,-4.64805709209358
STN_0003,2025-08-10T14:00:00.000+08:00,-6,-6.005577063178292
STN_0003,2025-08-10T15:00:00.000+08:00,-8,-3.1743757400463295
STN_0003,2025-08-10T16:00:00.000+08:00,-3,-2.617072639279181
STN_0003,2025-08-10T17:00:00.000+08:00,-3,-0.9918328758416526
STN_0003,2025-08-10T18:00:00.000+08:00,0,-0.2564736334695996
STN_0003,2025-08-10T19:00:00.000+08:00,-1,-3.2013782591825333
STN_0003,2025-08-10T20:00:00.000+08:00,-1,-1.8409744769366374
STN_0003,2025-08-10T21:00:00.000+08:00,-2,-1.9130897396323032
STN_0003,2025-08-10T22:00:00.000+08:00,7,0.49887767996495747
STN_0003,2025-08-10T23:00:00.000+08:00,-6,-0.8147423196672339
STN_0003,2025-08-11T00:00:00.000+08:00,-2,-0.3201127267187651
STN_0003,2025-08-11T01:00:00.000+08:00,4,0.717016350465844
STN_0003,2025-08-11T02:00:00.000+08:00,-7,0.848670920119563
STN_0003,2025-08-11T03:00:00.000+08:00,-6,1.080549121975995
STN_0003,2025-08-11T04:00:00.000+08:00,-6,0.8447471462664673
STN_0003,2025-08-11T05:00:00.000+08:00,3,0.7291854393612063
STN_0003,2025-08-11T06:00:00.000+08:00,-5,-1.8272522141863163
STN_0003,2025-08-11T07:00:00.000+08:00,7,1.0957565525850796
STN_0003,2025-08-11T08:00:00.000+08:00,1,-0.9432127963936967
STN_0003,2025-08-11T09:00:00.000+08:00,13,1.0855316712245209
STN_0003,2025-08-11T10:00:00.000+08:00,-11,-0.22244255626297793
STN_0003,2025-08-11T11:00:00.000+08:00,-4,0.07363952675656371
STN_0003,2025-08-11T12:00:00.000+08:00,-5,-0.8043026553011359
STN_0003,2025-08-11T13:00:00.000+08:00,4,-1.3120238791320142
STN_0003,2025-08-11T14:00:00.000+08:00,2,-2.036900194251646
STN_0003,2025-08-11T15:00:00.000+08:00,-2,-1.3538382827968256
STN_0003,2025-08-11T16:00:00.000+08:00,-3,-0.7281018348860169
STN_0003,2025-08-11T17:00:00.000+08:00,0,-0.19811616684740552
STN_0003,2025-08-11T18:00:00.000+08:00,-1,-0.34586746237036126
STN_0003,2025-08-11T19:00:00.000+08:00,-3,-4.017549546708695
STN_0003,2025-08-11T20:00:00.000+08:00,-1,-7.5648307417162375
STN_0003,2025-08-11T21:00:00.000+08:00,7,1.8519883235355241
STN_0003,2025-08-11T22:00:00.000+08:00,3,0.5013527793791805
STN_0003,2025-08-11T23:00:00.000+08:00,-1,0.6965879786520066
STN_0003,2025-08-12T00:00:00.000+08:00,-5,1.7866775354640936
STN_0003,2025-08-12T01:00:00.000+08:00,6,2.676070202593877
STN_0003,2025-08-12T02:00:00.000+08:00,-13,-0.8489472250364276
STN_0003,2025-08-12T03:00:00.000+08:00,3,1.283073483621056
STN_0003,2025-08-12T04:00:00.000+08:00,8,1.0278193935392288
STN_0003,2025-08-12T05:00:00.000+08:00,2,2.3165009220294017
STN_0003,2025-08-12T06:00:00.000+08:00,-2,-0.44767221408340063
STN_0003,2025-08-12T07:00:00.000+08:00,-9,-0.10772678885724574
STN_0003,2025-08-12T08:00:00.000+08:00,-3,-0.9006625374404003
STN_0003,2025-08-12T09:00:00.000+08:00,5,-0.5132824257907647
STN_0003,2025-08-12T10:00:00.000+08:00,6,-0.1694448412774925
STN_0003,2025-08-12T11:00:00.000+08:00,-3,-0.6276788598594418
STN_0003,2025-08-12T12:00:00.000+08:00,2,-0.38382150525229974
STN_0003,2025-08-12T13:00:00.000+08:00,4,-1.3013162847120543
STN_0003,2025-08-12T14:00:00.000+08:00,-1,-1.8389204035452198
STN_0003,2025-08-12T15:00:00.000+08:00,-1,-0.4848259481242412
STN_0003,2025-08-12T16:00:00.000+08:00,1,-0.053934730951903265
STN_0003,2025-08-12T17:00:00.000+08:00,-2,-0.3053853257805128
STN_0003,2025-08-12T18:00:00.000+08:00,1,-0.664035815626145
STN_0003,2025-08-12T19:00:00.000+08:00,-5,-4.400975158263648
STN_0003,2025-08-12T20:00:00.000+08:00,-2,-5.251720619394854
STN_0003,2025-08-12T21:00:00.000+08:00,-1,1.5921155790695618
STN_0003,2025-08-12T22:00:00.000+08:00,2,-0.1788086138597933
STN_0003,2025-08-12T23:00:00.000+08:00,-5,-0.5234021567246039
STN_0003,2025-08-13T00:00:00.000+08:00,0,-1.0756821137539418
STN_0003,2025-08-13T01:00:00.000+08:00,9,1.6477139102465284
STN_0003,2025-08-13T02:00:00.000+08:00,-9,-0.032701105928186536
STN_0003,2025-08-13T03:00:00.000+08:00,-11,0.4835527205163288
STN_0003,2025-08-13T04:00:00.000+08:00,1,2.7136394856166532
STN_0003,2025-08-13T05:00:00.000+08:00,4,0.11583161204658055
STN_0003,2025-08-13T06:00:00.000+08:00,-2,-0.9971023163643515
STN_0003,2025-08-13T07:00:00.000+08:00,-6,-0.4969811275333953
STN_0003,2025-08-13T08:00:00.000+08:00,9,-0.5638899210213246
STN_0003,2025-08-13T09:00:00.000+08:00,-4,-0.1833869871821463
STN_0003,2025-08-13T10:00:00.000+08:00,3,-0.16729987635313748
STN_0003,2025-08-13T11:00:00.000+08:00,-5,-0.02578308003629637
STN_0003,2025-08-13T12:00:00.000+08:00,0,-1.0085294588402594
STN_0003,2025-08-13T13:00:00.000+08:00,-3,-0.9861398238494559
STN_0003,2025-08-13T14:00:00.000+08:00,6,-1.8911593758813383
STN_0003,2025-08-13T15:00:00.000+08:00,-1,-1.1511552822036621
STN_0003,2025-08-13T16:00:00.000+08:00,2,-0.1996818365874996
STN_0003,2025-08-13T17:00:00.000+08:00,-1,-0.21497336177981352
STN_0003,2025-08-13T18:00:00.000+08:00,0,-0.706963761251366
STN_0003,2025-08-13T19:00:00.000+08:00,-4,-2.688778866858189
STN_0003,2025-08-13T20:00:00.000+08:00,-6,-6.724826399366611
STN_0003,2025-08-13T21:00:00.000+08:00,1,1.910497345504039
STN_0003,2025-08-13T22:00:00.000+08:00,-1,-0.44150598494803894
STN_0003,2025-08-13T23:00:00.000+08:00,1,-0.14410966208438403
STN_0003,2025-08-14T00:00:00.000+08:00,1,-0.5592371160569414
STN_0003,2025-08-14T01:00:00.000+08:00,6,0.20540988325609888
STN_0003,2025-08-14T02:00:00.000+08:00,-1,-0.8345081132727561
STN_0003,2025-08-14T03:00:00.000+08:00,0,0.24053982482140945
STN_0003,2025-08-14T04:00:00.000+08:00,-2,1.012757480757978
STN_0003,2025-08-14T05:00:00.000+08:00,-3,0.5290585106083299
STN_0003,2025-08-14T06:00:00.000+08:00,-10,-0.840370364736021
STN_0003,2025-08-14T07:00:00.000+08:00,7,0.1664617514853397
STN_0003,2025-08-14T08:00:00.000+08:00,1,-1.387786864717711
STN_0003,2025-08-14T09:00:00.000+08:00,1,-0.4703443847894295
STN_0003,2025-08-14T10:00:00.000+08:00,3,-0.8571713988220591
STN_0003,2025-08-14T11:00:00.000+08:00,-6,-0.7387922943574896
STN_0003,2025-08-14T12:00:00.000+08:00,5,-0.19498548560003925
STN_0003,2025-08-14T13:00:00.000+08:00,0,-1.0522050213494065
STN_0003,2025-08-14T14:00:00.000+08:00,-3,-1.637304301915871
STN_0003,2025-08-14T15:00:00.000+08:00,0,-0.5153419215648156
STN_0003,2025-08-14T16:00:00.000+08:00,1,-0.14963346206649453
STN_0003,2025-08-14T17:00:00.000+08:00,-3,-0.06333562892035549
STN_0003,2025-08-14T18:00:00.000+08:00,0,-1.1027789920944202
STN_0003,2025-08-14T19:00:00.000+08:00,-4,-4.2313588300244245
STN_0003,2025-08-14T20:00:00.000+08:00,2,-4.292381183026942
STN_0003,2025-08-14T21:00:00.000+08:00,6,1.7348138035905283
STN_0003,2025-08-14T22:00:00.000+08:00,2,0.13037427023296289
STN_0003,2025-08-14T23:00:00.000+08:00,-4,1.9945456973739262
STN_0003,2025-08-15T00:00:00.000+08:00,2,1.8581194281890152
STN_0003,2025-08-15T01:00:00.000+08:00,-6,1.7331528337072513
STN_0003,2025-08-15T02:00:00.000+08:00,5,2.0923845285662637
STN_0003,2025-08-15T03:00:00.000+08:00,-6,1.3827771774140167
STN_0003,2025-08-15T04:00:00.000+08:00,-7,1.0533729358894348
STN_0003,2025-08-15T05:00:00.000+08:00,5,-1.3037589295071612
STN_0003,2025-08-15T06:00:00.000+08:00,4,-2.2251081750252055
STN_0003,2025-08-15T07:00:00.000+08:00,-10,-1.7346453524374859
STN_0003,2025-08-15T08:00:00.000+08:00,9,-1.7639504410104188
STN_0003,2025-08-15T09:00:00.000+08:00,-5,-1.4628001650405444
STN_0003,2025-08-15T10:00:00.000+08:00,-3,-1.1813990609655534
STN_0003,2025-08-15T11:00:00.000+08:00,9,-0.4788980940873184
STN_0003,2025-08-15T12:00:00.000+08:00,7,-0.703870438902582
STN_0003,2025-08-15T13:00:00.000+08:00,-3,-3.0328181738922018
STN_0003,2025-08-15T14:00:00.000+08:00,-7,-3.0341777905434624
STN_0003,2025-08-15T15:00:00.000+08:00,-4,-2.513910604144562
STN_0003,2025-08-15T16:00:00.000+08:00,0,-0.9252092093613309
STN_0003,2025-08-15T17:00:00.000+08:00,0,-0.27541039636600684
STN_0003,2025-08-15T18:00:00.000+08:00,4,-0.6016514805990791
STN_0003,2025-08-15T19:00:00.000+08:00,-3,-3.264729917349751
STN_0003,2025-08-15T20:00:00.000+08:00,-4,-1.6527873051381423
STN_0003,2025-08-15T21:00:00.000+08:00,11,1.8212699142634126
STN_0003,2025-08-15T22:00:00.000+08:00,-6,0.15296254943728016
STN_0003,2025-08-15T23:00:00.000+08:00,-2,0.10062055870209541
STN_0003,2025-08-16T00:00:00.000+08:00,0,0.18021609451945153
STN_0003,2025-08-16T01:00:00.000+08:00,-1,1.6386882670974998
STN_0003,2025-08-16T02:00:00.000+08:00,-4,0.4807455751559431
STN_0003,2025-08-16T03:00:00.000+08:00,12,0.46503362843682794
STN_0003,2025-08-16T04:00:00.000+08:00,7,1.2696286651745012
STN_0003,2025-08-16T05:00:00.000+08:00,2,2.044343596727124
STN_0003,2025-08-16T06:00:00.000+08:00,-3,1.316947236544756
STN_0003,2025-08-16T07:00:00.000+08:00,-2,0.9092787581728778
STN_0003,2025-08-16T08:00:00.000+08:00,3,-2.800588250371
STN_0003,2025-08-16T09:00:00.000+08:00,-10,-1.5662835126067591
STN_0003,2025-08-16T10:00:00.000+08:00,8,-1.1138176701714002
STN_0003,2025-08-16T11:00:00.000+08:00,8,-1.991023840976812
STN_0003,2025-08-16T12:00:00.000+08:00,-1,-2.764484750929471
STN_0003,2025-08-16T13:00:00.000+08:00,-15,-3.083618148518733
STN_0003,2025-08-16T14:00:00.000+08:00,-1,-3.9730339359415314
STN_0003,2025-08-16T15:00:00.000+08:00,-11,-3.803778883522315
STN_0003,2025-08-16T16:00:00.000+08:00,-1,-3.3900592168021344
STN_0003,2025-08-16T17:00:00.000+08:00,-3,-0.7942416701552497
STN_0003,2025-08-16T18:00:00.000+08:00,1,-0.12893271360759084
STN_0003,2025-08-16T19:00:00.000+08:00,-5,-1.6435524206198397
STN_0003,2025-08-16T20:00:00.000+08:00,-5,-2.711322014732625
STN_0003,2025-08-16T21:00:00.000+08:00,-1,-2.949215794140895
STN_0003,2025-08-16T22:00:00.000+08:00,8,-0.08585637878700147
STN_0003,2025-08-16T23:00:00.000+08:00,-1,-1.401222219330947
STN_0003,2025-08-17T00:00:00.000+08:00,-3,-1.577887861748522
STN_0003,2025-08-17T01:00:00.000+08:00,9,1.1651416858636559
STN_0003,2025-08-17T02:00:00.000+08:00,-6,1.219260779294931
STN_0003,2025-08-17T03:00:00.000+08:00,-16,-1.6726878881149538
STN_0003,2025-08-17T04:00:00.000+08:00,7,-1.8293286173348697
STN_0003,2025-08-17T05:00:00.000+08:00,-2,-2.974415204775866
STN_0003,2025-08-17T06:00:00.000+08:00,-4,-2.359456048394634
STN_0003,2025-08-17T07:00:00.000+08:00,-1,0.03928114643533931
STN_0003,2025-08-17T08:00:00.000+08:00,-2,-1.7769847607663767
STN_0003,2025-08-17T09:00:00.000+08:00,-4,-1.1973984733269756
STN_0003,2025-08-17T10:00:00.000+08:00,-6,-2.1198750100427883
STN_0003,2025-08-17T11:00:00.000+08:00,-7,-3.385887127392934
STN_0003,2025-08-17T12:00:00.000+08:00,13,-2.857771236405492
STN_0003,2025-08-17T13:00:00.000+08:00,-9,-3.2452193061113856
STN_0003,2025-08-17T14:00:00.000+08:00,-6,-2.64177406050623
STN_0003,2025-08-17T15:00:00.000+08:00,-4,-3.338036663687282
STN_0003,2025-08-17T16:00:00.000+08:00,0,-2.8642515105900404
STN_0003,2025-08-17T17:00:00.000+08:00,1,-0.7111297436053619
STN_0003,2025-08-17T18:00:00.000+08:00,-4,-0.4447915882086224
STN_0003,2025-08-17T19:00:00.000+08:00,-1,-2.8451937746830964
STN_0003,2025-08-17T20:00:00.000+08:00,1,-0.5119255213243181
STN_0003,2025-08-17T21:00:00.000+08:00,2,-1.0613215162613088
STN_0003,2025-08-17T22:00:00.000+08:00,-1,-0.6113901165808926
STN_0003,2025-08-17T23:00:00.000+08:00,-1,-1.7122928152831252
STN_0003,2025-08-18T00:00:00.000+08:00,8,-0.700787460978165
STN_0003,2025-08-18T01:00:00.000+08:00,0,-1.222996661104121
STN_0003,2025-08-18T02:00:00.000+08:00,-4,-0.7449266156534256
STN_0003,2025-08-18T03:00:00.000+08:00,1,0.9228983839577598
STN_0003,2025-08-18T04:00:00.000+08:00,0,-1.3105709064678983
STN_0003,2025-08-18T05:00:00.000+08:00,-1,-0.026591718062178415
STN_0003,2025-08-18T06:00:00.000+08:00,-2,0.4998353812647771
STN_0003,2025-08-18T07:00:00.000+08:00,-2,-0.1822159674590793
STN_0003,2025-08-18T08:00:00.000+08:00,3,-0.07700692822697874
STN_0003,2025-08-18T09:00:00.000+08:00,-5,-1.3123877940569102
STN_0003,2025-08-18T10:00:00.000+08:00,0,-0.5428854573419528
STN_0003,2025-08-18T11:00:00.000+08:00,1,-0.787867994726299
STN_0003,2025-08-18T12:00:00.000+08:00,4,0.1401031515063318
STN_0003,2025-08-18T13:00:00.000+08:00,-2,-1.1844590191492355
STN_0003,2025-08-18T14:00:00.000+08:00,1,-0.7001414548832952
STN_0003,2025-08-18T15:00:00.000+08:00,-3,-1.678807950492557
STN_0003,2025-08-18T16:00:00.000+08:00,2,-0.29189050181741116
STN_0003,2025-08-18T17:00:00.000+08:00,-1,-0.14061617742108545
STN_0003,2025-08-18T18:00:00.000+08:00,-3,-0.40366836741383016
STN_0003,2025-08-18T19:00:00.000+08:00,-3,-3.826024329150825
STN_0003,2025-08-18T20:00:00.000+08:00,-9,-8.029643099974718
STN_0003,2025-08-18T21:00:00.000+08:00,3,0.842574756640488
STN_0003,2025-08-18T22:00:00.000+08:00,6,0.03955940472067887
STN_0003,2025-08-18T23:00:00.000+08:00,2,-0.5856108966884523
STN_0003,2025-08-19T00:00:00.000+08:00,-2,-0.10554922386751642
STN_0003,2025-08-19T01:00:00.000+08:00,8,1.6934318633121563
STN_0003,2025-08-19T02:00:00.000+08:00,-5,2.4201959295243736
STN_0003,2025-08-19T03:00:00.000+08:00,4,3.6991184307035354
STN_0003,2025-08-19T04:00:00.000+08:00,1,3.727196389024172
STN_0003,2025-08-19T05:00:00.000+08:00,-2,2.7501116546604827
STN_0003,2025-08-19T06:00:00.000+08:00,-5,-0.11679643142900176
STN_0003,2025-08-19T07:00:00.000+08:00,-2,-0.028386193668858084
STN_0003,2025-08-19T08:00:00.000+08:00,5,-0.24101260149010173
STN_0003,2025-08-19T09:00:00.000+08:00,-7,-0.8094132328000878
STN_0003,2025-08-19T10:00:00.000+08:00,3,-0.5891092236005449
STN_0003,2025-08-19T11:00:00.000+08:00,1,0.6685098765988897
STN_0003,2025-08-19T12:00:00.000+08:00,-10,-1.095883772292157
STN_0003,2025-08-19T13:00:00.000+08:00,-1,-1.4842747718607203
STN_0003,2025-08-19T14:00:00.000+08:00,3,-0.6104275822197527
STN_0003,2025-08-19T15:00:00.000+08:00,0,-0.7332824143970731
STN_0003,2025-08-19T16:00:00.000+08:00,1,-0.16328341246454026
STN_0003,2025-08-19T17:00:00.000+08:00,0,0.026631535729227163
STN_0003,2025-08-19T18:00:00.000+08:00,0,-0.2180104060994048
STN_0003,2025-08-19T19:00:00.000+08:00,-1,-2.609366682259739
STN_0003,2025-08-19T20:00:00.000+08:00,-9,-6.843027289759984
STN_0003,2025-08-19T21:00:00.000+08:00,10,2.8042975202401106
STN_0003,2025-08-19T22:00:00.000+08:00,-2,-0.017976093343438748
STN_0003,2025-08-19T23:00:00.000+08:00,3,0.20405097957920937
STN_0003,2025-08-20T00:00:00.000+08:00,-1,1.1784747426034112
STN_0003,2025-08-20T01:00:00.000+08:00,0,1.1202121231386695
STN_0003,2025-08-20T02:00:00.000+08:00,2,0.12064486431587795
STN_0003,2025-08-20T03:00:00.000+08:00,-1,-0.13991425191056273
STN_0003,2025-08-20T04:00:00.000+08:00,-2,1.950597263830538
STN_0003,2025-08-20T05:00:00.000+08:00,-1,1.3222166949157774
STN_0003,2025-08-20T06:00:00.000+08:00,-10,-2.3142562319065085
STN_0003,2025-08-20T07:00:00.000+08:00,4,0.8722270014681044
STN_0003,2025-08-20T08:00:00.000+08:00,-2,-1.5846176640632699
STN_0003,2025-08-20T09:00:00.000+08:00,0,-1.5290249930685569
STN_0003,2025-08-20T10:00:00.000+08:00,5,-1.445071358200268
STN_0003,2025-08-20T11:00:00.000+08:00,-5,-1.3117515326370661
STN_0003,2025-08-20T12:00:00.000+08:00,-4,-0.7786443452386749
STN_0003,2025-08-20T13:00:00.000+08:00,2,-1.1108123820764493
STN_0003,2025-08-20T14:00:00.000+08:00,2,-1.326267428544437
STN_0003,2025-08-20T15:00:00.000+08:00,2,-0.7917795949645552
STN_0003,2025-08-20T16:00:00.000+08:00,-2,-0.40621646994787486
STN_0003,2025-08-20T17:00:00.000+08:00,0,-0.05198000748513343
STN_0003,2025-08-20T18:00:00.000+08:00,2,-0.7132581679243177
STN_0003,2025-08-20T19:00:00.000+08:00,-4,-3.7472785238808886
STN_0003,2025-08-20T20:00:00.000+08:00,-3,-5.180376717365579
STN_0003,2025-08-20T21:00:00.000+08:00,-2,1.058784555250277
STN_0003,2025-08-20T22:00:00.000+08:00,2,-0.28631634726068
STN_0003,2025-08-20T23:00:00.000+08:00,0,1.1061079882028046
STN_0003,2025-08-21T00:00:00.000+08:00,9,1.0169481960205378
STN_0003,2025-08-21T01:00:00.000+08:00,-10,-0.32699718632394514
STN_0003,2025-08-21T02:00:00.000+08:00,-10,-1.1693435957361817
STN_0003,2025-08-21T03:00:00.000+08:00,6,1.3104006672369692
STN_0003,2025-08-21T04:00:00.000+08:00,13,2.0045722340162584
STN_0003,2025-08-21T05:00:00.000+08:00,-9,-0.2263645888883481
STN_0003,2025-08-21T06:00:00.000+08:00,-7,-0.548852195720368
STN_0003,2025-08-21T07:00:00.000+08:00,14,0.03336490345614607
STN_0003,2025-08-21T08:00:00.000+08:00,-7,-0.2600975349921306
STN_0003,2025-08-21T09:00:00.000+08:00,-11,-0.8637461924390024
STN_0003,2025-08-21T10:00:00.000+08:00,-1,-0.9095186001262672
STN_0003,2025-08-21T11:00:00.000+08:00,0,-1.0995783072205931
STN_0003,2025-08-21T12:00:00.000+08:00,5,-1.6892808262972867
STN_0003,2025-08-21T13:00:00.000+08:00,-2,-1.3933872025186669
STN_0003,2025-08-21T14:00:00.000+08:00,-5,-2.0563698432327255
STN_0003,2025-08-21T15:00:00.000+08:00,-2,-1.1869069306216502
STN_0003,2025-08-21T16:00:00.000+08:00,0,-0.44737613888403926
STN_0003,2025-08-21T17:00:00.000+08:00,0,-0.025737285807098664
STN_0003,2025-08-21T18:00:00.000+08:00,2,-1.0760249466737721
STN_0003,2025-08-21T19:00:00.000+08:00,-1,-2.845111846399978
STN_0003,2025-08-21T20:00:00.000+08:00,-3,-4.371385853117474
STN_0003,2025-08-21T21:00:00.000+08:00,7,1.9153577918036166
STN_0003,2025-08-21T22:00:00.000+08:00,0,0.6347897910911371
STN_0003,2025-08-21T23:00:00.000+08:00,5,1.1146153040338458
STN_0003,2025-08-22T00:00:00.000+08:00,-4,0.9149639606742852
STN_0003,2025-08-22T01:00:00.000+08:00,6,3.2384699578307377
STN_0003,2025-08-22T02:00:00.000+08:00,-7,1.5986488418248186
STN_0003,2025-08-22T03:00:00.000+08:00,-2,2.178217085646647
STN_0003,2025-08-22T04:00:00.000+08:00,0,0.8018431816051752
STN_0003,2025-08-22T05:00:00.000+08:00,-3,-0.25215967423234886
STN_0003,2025-08-22T06:00:00.000+08:00,-8,-2.2745073169497267
STN_0003,2025-08-22T07:00:00.000+08:00,14,-0.06307148092156467
STN_0003,2025-08-22T08:00:00.000+08:00,2,-2.363356487108451
STN_0003,2025-08-22T09:00:00.000+08:00,3,0.9205927934969615
STN_0003,2025-08-22T10:00:00.000+08:00,-23,-3.8598058253189933
STN_0003,2025-08-22T11:00:00.000+08:00,-1,-0.6054867408931717
STN_0003,2025-08-22T12:00:00.000+08:00,-4,-2.0463872415389073
STN_0003,2025-08-22T13:00:00.000+08:00,-3,-6.161246541315965
STN_0003,2025-08-22T14:00:00.000+08:00,-6,-2.85244741207613
STN_0003,2025-08-22T15:00:00.000+08:00,-2,-3.1006149438085773
STN_0003,2025-08-22T16:00:00.000+08:00,0,-0.9206028602636178
STN_0003,2025-08-22T17:00:00.000+08:00,-1,-0.23427711968591147
STN_0003,2025-08-22T18:00:00.000+08:00,0,-0.8336414236321414
STN_0003,2025-08-22T19:00:00.000+08:00,-3,-4.033615480773813
STN_0003,2025-08-22T20:00:00.000+08:00,-8,-5.912012731566541
STN_0003,2025-08-22T21:00:00.000+08:00,-5,-1.3537772618627884
STN_0003,2025-08-22T22:00:00.000+08:00,6,-1.9397732801441645
STN_0003,2025-08-22T23:00:00.000+08:00,-3,-1.6626714535736262
STN_0003,2025-08-23T00:00:00.000+08:00,-4,-1.7037499533732312
STN_0003,2025-08-23T01:00:00.000+08:00,0,-2.1769413936941806
STN_0003,2025-08-23T02:00:00.000+08:00,-1,-0.4032111841925605
STN_0003,2025-08-23T03:00:00.000+08:00,10,1.1124366731479682
STN_0003,2025-08-23T04:00:00.000+08:00,-8,-1.1168810191579475
STN_0003,2025-08-23T05:00:00.000+08:00,-10,-1.2919284126515294
STN_0003,2025-08-23T06:00:00.000+08:00,8,-1.8109595144127049
STN_0003,2025-08-23T07:00:00.000+08:00,-4,0.7562417448886869
STN_0003,2025-08-23T08:00:00.000+08:00,12,-1.0014138157853552
STN_0003,2025-08-23T09:00:00.000+08:00,-8,-0.06722801868047767
STN_0003,2025-08-23T10:00:00.000+08:00,-8,-2.8945741982008855
STN_0003,2025-08-23T11:00:00.000+08:00,-3,-0.42438467453334106
STN_0003,2025-08-23T12:00:00.000+08:00,-3,-3.4201402786743103
STN_0003,2025-08-23T13:00:00.000+08:00,1,-4.011291637966648
STN_0003,2025-08-23T14:00:00.000+08:00,-10,-5.684463578888855
STN_0003,2025-08-23T15:00:00.000+08:00,-9,-3.4532323628733597
STN_0003,2025-08-23T16:00:00.000+08:00,-2,-3.307757874717189
STN_0003,2025-08-23T17:00:00.000+08:00,1,-0.43189674029680836
STN_0003,2025-08-23T18:00:00.000+08:00,-5,-0.9879621950498498
STN_0003,2025-08-23T19:00:00.000+08:00,-2,-2.943124037654472
STN_0003,2025-08-23T20:00:00.000+08:00,0,-2.6083966009943795
STN_0003,2025-08-23T21:00:00.000+08:00,-8,-1.884110283328405
STN_0003,2025-08-23T22:00:00.000+08:00,2,-0.6325987485646234
STN_0003,2025-08-23T23:00:00.000+08:00,2,-1.5096796896285074
STN_0003,2025-08-24T00:00:00.000+08:00,0,-0.9174882378237257
STN_0003,2025-08-24T01:00:00.000+08:00,8,1.9575824447038386
STN_0003,2025-08-24T02:00:00.000+08:00,-1,-1.3519199111643303
STN_0003,2025-08-24T03:00:00.000+08:00,-7,-0.384506666985061
STN_0003,2025-08-24T04:00:00.000+08:00,10,3.0292641352674394
STN_0003,2025-08-24T05:00:00.000+08:00,-12,-2.7572048511130944
STN_0003,2025-08-24T06:00:00.000+08:00,4,0.8256695740551123
STN_0003,2025-08-24T07:00:00.000+08:00,4,1.3774943829185808
STN_0003,2025-08-24T08:00:00.000+08:00,-12,-1.3970554352106817
STN_0003,2025-08-24T09:00:00.000+08:00,-3,-0.3897516719526237
STN_0003,2025-08-24T10:00:00.000+08:00,5,-1.400106874565802
STN_0003,2025-08-24T11:00:00.000+08:00,8,-1.9929746749080977
STN_0003,2025-08-24T12:00:00.000+08:00,-4,-4.0900150930108605
STN_0003,2025-08-24T13:00:00.000+08:00,-4,-2.9444973839038404
STN_0003,2025-08-24T14:00:00.000+08:00,-2,-3.5006434157587814
STN_0003,2025-08-24T15:00:00.000+08:00,-14,-2.674813389507972
STN_0003,2025-08-24T16:00:00.000+08:00,-2,-2.0410677924951437
STN_0003,2025-08-24T17:00:00.000+08:00,-2,-0.11520743646641951
STN_0003,2025-08-24T18:00:00.000+08:00,-2,-0.2693891892614846
STN_0003,2025-08-24T19:00:00.000+08:00,0,-1.6505635603995965
STN_0003,2025-08-24T20:00:00.000+08:00,-1,-2.613694888216648
STN_0003,2025-08-24T21:00:00.000+08:00,-3,-2.9340500405526635
STN_0003,2025-08-24T22:00:00.000+08:00,-1,-1.9318479409436176
STN_0003,2025-08-24T23:00:00.000+08:00,1,-1.939623461725958
STN_0003,2025-08-25T00:00:00.000+08:00,2,-0.9008808288748344
STN_0003,2025-08-25T01:00:00.000+08:00,-4,-2.3918786549368463
STN_0003,2025-08-25T02:00:00.000+08:00,-5,-1.3060004099972247
STN_0003,2025-08-25T03:00:00.000+08:00,0,-0.8223740119788232
STN_0003,2025-08-25T04:00:00.000+08:00,-9,-1.1880327302877483
STN_0003,2025-08-25T05:00:00.000+08:00,0,-1.7739754998729325
STN_0003,2025-08-25T06:00:00.000+08:00,0,-1.781910446083387
STN_0003,2025-08-25T07:00:00.000+08:00,2,0.6840042853821302
STN_0003,2025-08-25T08:00:00.000+08:00,-9,-0.732440431524255
STN_0003,2025-08-25T09:00:00.000+08:00,-3,0.06927356094023374
STN_0003,2025-08-25T10:00:00.000+08:00,7,0.3120139917907805
STN_0003,2025-08-25T11:00:00.000+08:00,3,-0.20688283077678093
STN_0003,2025-08-25T12:00:00.000+08:00,-2,-2.220877247729768
STN_0003,2025-08-25T13:00:00.000+08:00,-5,-1.6147338233390656
STN_0003,2025-08-25T14:00:00.000+08:00,0,-1.9150351274328088
STN_0003,2025-08-25T15:00:00.000+08:00,-2,-0.8991521720759099
STN_0003,2025-08-25T16:00:00.000+08:00,0,-0.2863393894048256
STN_0003,2025-08-25T17:00:00.000+08:00,-3,-0.2184711651521608
STN_0003,2025-08-25T18:00:00.000+08:00,-4,-0.6822402401340697
STN_0003,2025-08-25T19:00:00.000+08:00,-4,-4.451455135415254
STN_0003,2025-08-25T20:00:00.000+08:00,-4,-6.947256747728554
STN_0003,2025-08-25T21:00:00.000+08:00,1,0.7968881423950425
STN_0003,2025-08-25T22:00:00.000+08:00,5,-0.931948951358617
STN_0003,2025-08-25T23:00:00.000+08:00,5,-0.4921515641488501
STN_0003,2025-08-26T00:00:00.000+08:00,7,1.1015191833334175
STN_0003,2025-08-26T01:00:00.000+08:00,-4,2.156455863527013
STN_0003,2025-08-26T02:00:00.000+08:00,-1,0.8210789629194366
STN_0003,2025-08-26T03:00:00.000+08:00,-1,3.9784215984855464
STN_0003,2025-08-26T04:00:00.000+08:00,-11,2.193093598436324
STN_0003,2025-08-26T05:00:00.000+08:00,7,1.6302572662124355
STN_0003,2025-08-26T06:00:00.000+08:00,-5,-4.2801561848609495
STN_0003,2025-08-26T07:00:00.000+08:00,-5,-2.0128210102071833
STN_0003,2025-08-26T08:00:00.000+08:00,-1,-2.576658286452851
STN_0003,2025-08-26T09:00:00.000+08:00,-4,-2.5788872859992367
STN_0003,2025-08-26T10:00:00.000+08:00,14,-1.2748694180132158
STN_0003,2025-08-26T11:00:00.000+08:00,2,-0.8710051673923775
STN_0003,2025-08-26T12:00:00.000+08:00,-11,-0.3875379788369875
STN_0003,2025-08-26T13:00:00.000+08:00,-5,-0.7185965904058307
STN_0003,2025-08-26T14:00:00.000+08:00,0,-1.789591986507101
STN_0003,2025-08-26T15:00:00.000+08:00,0,-1.3903554164810819
STN_0003,2025-08-26T16:00:00.000+08:00,0,-0.23687467894107161
STN_0003,2025-08-26T17:00:00.000+08:00,-2,-0.05826543414934404
STN_0003,2025-08-26T18:00:00.000+08:00,1,-0.9255257124383305
STN_0003,2025-08-26T19:00:00.000+08:00,-10,-4.789966417578259
STN_0003,2025-08-26T20:00:00.000+08:00,-6,-7.3613730872793965
STN_0003,2025-08-26T21:00:00.000+08:00,-5,-0.45379742150078783
STN_0003,2025-08-26T22:00:00.000+08:00,3,-2.3879342528627063
STN_0003,2025-08-26T23:00:00.000+08:00,11,-0.6274997978260188
STN_0003,2025-08-27T00:00:00.000+08:00,-11,-2.082534857955322
STN_0003,2025-08-27T01:00:00.000+08:00,-3,0.03407336636953673
STN_0003,2025-08-27T02:00:00.000+08:00,2,0.3534438797121702
STN_0003,2025-08-27T03:00:00.000+08:00,-9,0.6363392629431566
STN_0003,2025-08-27T04:00:00.000+08:00,1,3.0712432067001885
STN_0003,2025-08-27T05:00:00.000+08:00,7,-1.7656191427175507
STN_0003,2025-08-27T06:00:00.000+08:00,-1,-1.665386593722637
STN_0003,2025-08-27T07:00:00.000+08:00,-9,0.2150771535415359
STN_0003,2025-08-27T08:00:00.000+08:00,3,-0.09975788254002182
STN_0003,2025-08-27T09:00:00.000+08:00,-5,-1.4447537548900993
STN_0003,2025-08-27T10:00:00.000+08:00,-1,-1.2134455261924213
STN_0003,2025-08-27T11:00:00.000+08:00,2,-1.6692092594954193
STN_0003,2025-08-27T12:00:00.000+08:00,-1,-0.800818033277328
STN_0003,2025-08-27T13:00:00.000+08:00,1,-1.447807125484795
STN_0003,2025-08-27T14:00:00.000+08:00,-2,-1.4432059354774662
STN_0003,2025-08-27T15:00:00.000+08:00,-1,-0.5785835736203013
STN_0003,2025-08-27T16:00:00.000+08:00,0,-0.17372258010919162
STN_0003,2025-08-27T17:00:00.000+08:00,-2,-0.03101540303500927
STN_0003,2025-08-27T18:00:00.000+08:00,0,-0.8983963503115264
STN_0003,2025-08-27T19:00:00.000+08:00,-8,-5.299621047462356
STN_0003,2025-08-27T20:00:00.000+08:00,-8,-10.476612129105181
STN_0003,2025-08-27T21:00:00.000+08:00,2,-0.9010950527616188
STN_0003,2025-08-27T22:00:00.000+08:00,-1,-2.558135455455176
STN_0003,2025-08-27T23:00:00.000+08:00,4,0.16905156998696746
STN_0003,2025-08-28T00:00:00.000+08:00,2,-0.16955967312719977
STN_0003,2025-08-28T01:00:00.000+08:00,-1,1.590196555257787
STN_0003,2025-08-28T02:00:00.000+08:00,-5,2.11489132240742
STN_0003,2025-08-28T03:00:00.000+08:00,4,2.3625846509930923
STN_0003,2025-08-28T04:00:00.000+08:00,-3,2.440336554959746
STN_0003,2025-08-28T05:00:00.000+08:00,3,1.8808239404749365
STN_0003,2025-08-28T06:00:00.000+08:00,-8,-4.993236641481211
STN_0003,2025-08-28T07:00:00.000+08:00,1,0.2931969954199438
STN_0003,2025-08-28T08:00:00.000+08:00,-1,-0.22698682237216872
STN_0003,2025-08-28T09:00:00.000+08:00,6,-0.7318978544267782
STN_0003,2025-08-28T10:00:00.000+08:00,-6,-1.3052804425804982
STN_0003,2025-08-28T11:00:00.000+08:00,5,-0.05230698061634875
STN_0003,2025-08-28T12:00:00.000+08:00,-1,-0.9708780527964667
STN_0003,2025-08-28T13:00:00.000+08:00,-9,-1.9986230393869375
STN_0003,2025-08-28T14:00:00.000+08:00,3,-1.8870620906614337
STN_0003,2025-08-28T15:00:00.000+08:00,-5,-1.5542839258510692
STN_0003,2025-08-28T16:00:00.000+08:00,0,-0.0086125483415318
STN_0003,2025-08-28T17:00:00.000+08:00,-1,-0.20451380355128257
STN_0003,2025-08-28T18:00:00.000+08:00,1,-1.0336166614947708
STN_0003,2025-08-28T19:00:00.000+08:00,-10,-4.673295186862337
STN_0003,2025-08-28T20:00:00.000+08:00,-3,-8.10523812732423
STN_0003,2025-08-28T21:00:00.000+08:00,-3,-0.7694229937661934
STN_0003,2025-08-28T22:00:00.000+08:00,8,-0.6266622831173905
STN_0003,2025-08-28T23:00:00.000+08:00,-2,-2.1156496402841487
STN_0003,2025-08-29T00:00:00.000+08:00,-2,-0.8383823354426774
STN_0003,2025-08-29T01:00:00.000+08:00,1,1.708002667039107
STN_0003,2025-08-29T02:00:00.000+08:00,-2,1.05159239290699
STN_0003,2025-08-29T03:00:00.000+08:00,-1,0.6407792357100348
STN_0003,2025-08-29T04:00:00.000+08:00,22,4.019767347304327
STN_0003,2025-08-29T05:00:00.000+08:00,3,2.2566493490056203
STN_0003,2025-08-29T06:00:00.000+08:00,-12,-0.13328322880130017
STN_0003,2025-08-29T07:00:00.000+08:00,-15,2.776243353771161
STN_0003,2025-08-29T08:00:00.000+08:00,10,0.4883727690573014
STN_0003,2025-08-29T09:00:00.000+08:00,0,-1.0981383176485249
STN_0003,2025-08-29T10:00:00.000+08:00,-6,-0.8701765324320592
STN_0003,2025-08-29T11:00:00.000+08:00,6,0.35008985832126616
STN_0003,2025-08-29T12:00:00.000+08:00,0,-0.7584290228730066
STN_0003,2025-08-29T13:00:00.000+08:00,0,-1.5676404918747222
STN_0003,2025-08-29T14:00:00.000+08:00,-5,-1.3017004650679838
STN_0003,2025-08-29T15:00:00.000+08:00,0,-1.2654114476724692
STN_0003,2025-08-29T16:00:00.000+08:00,0,-0.0627313730735114
STN_0003,2025-08-29T17:00:00.000+08:00,-2,-0.2179394616626541
STN_0003,2025-08-29T18:00:00.000+08:00,0,-1.2894149194975533
STN_0003,2025-08-29T19:00:00.000+08:00,-1,-3.116849484201449
STN_0003,2025-08-29T20:00:00.000+08:00,1,-2.9492031779033505
STN_0003,2025-08-29T21:00:00.000+08:00,6,0.9897520144956609
STN_0003,2025-08-29T22:00:00.000+08:00,0,0.1565026317993894
STN_0003,2025-08-29T23:00:00.000+08:00,-12,-0.35830661020714416
STN_0003,2025-08-30T00:00:00.000+08:00,2,0.6891056361498098
STN_0003,2025-08-30T01:00:00.000+08:00,13,2.138054638489585
STN_0003,2025-08-30T02:00:00.000+08:00,-10,-0.48380421070537594
STN_0003,2025-08-30T03:00:00.000+08:00,7,2.611394976292189
STN_0003,2025-08-30T04:00:00.000+08:00,1,1.9296322181429808
STN_0003,2025-08-30T05:00:00.000+08:00,-4,1.4285140227576676
STN_0003,2025-08-30T06:00:00.000+08:00,2,2.2727138794548694
STN_0003,2025-08-30T07:00:00.000+08:00,-7,-0.7214702809668978
STN_0003,2025-08-30T08:00:00.000+08:00,10,-1.3381229977702382
STN_0003,2025-08-30T09:00:00.000+08:00,0,-0.5095428217172433
STN_0003,2025-08-30T10:00:00.000+08:00,1,-4.586005225506522
STN_0003,2025-08-30T11:00:00.000+08:00,-4,-1.497145924597465
STN_0003,2025-08-30T12:00:00.000+08:00,4,-3.6758193816697577
STN_0003,2025-08-30T13:00:00.000+08:00,-22,-4.797707266263451
STN_0003,2025-08-30T14:00:00.000+08:00,-7,-3.531645673937808
STN_0003,2025-08-30T15:00:00.000+08:00,2,-6.183047153870345
STN_0003,2025-08-30T16:00:00.000+08:00,-1,-1.1705189426325826
STN_0003,2025-08-30T17:00:00.000+08:00,-4,-0.5425935431983822
STN_0003,2025-08-30T18:00:00.000+08:00,-2,-0.5829085463219643
STN_0003,2025-08-30T19:00:00.000+08:00,-4,-1.773266044578585
STN_0003,2025-08-30T20:00:00.000+08:00,-1,-1.9209424866817586
STN_0003,2025-08-30T21:00:00.000+08:00,-1,-2.2753333655807797
STN_0003,2025-08-30T22:00:00.000+08:00,-6,-1.7166674663759274
STN_0003,2025-08-30T23:00:00.000+08:00,1,-3.1566501122491566
STN_0003,2025-08-31T00:00:00.000+08:00,1,-2.495678003360256
STN_0003,2025-08-31T01:00:00.000+08:00,2,-2.03045207746114
STN_0003,2025-08-31T02:00:00.000+08:00,-8,-1.487553854717678
STN_0003,2025-08-31T03:00:00.000+08:00,8,-0.4005695106397624
STN_0003,2025-08-31T04:00:00.000+08:00,-1,-0.23249563699030062
STN_0003,2025-08-31T05:00:00.000+08:00,0,1.4142272663524622
STN_0003,2025-08-31T06:00:00.000+08:00,1,0.6590547299980614
STN_0003,2025-08-31T07:00:00.000+08:00,-4,0.4350990173089144
STN_0003,2025-08-31T08:00:00.000+08:00,-2,-1.452829099002333
STN_0003,2025-08-31T09:00:00.000+08:00,4,-0.8978517321668669
STN_0003,2025-08-31T10:00:00.000+08:00,-3,-1.0806405352938597
STN_0003,2025-08-31T11:00:00.000+08:00,2,-0.7338152977025914
STN_0003,2025-08-31T12:00:00.000+08:00,1,-1.9539037451681622
STN_0003,2025-08-31T13:00:00.000+08:00,-3,-2.8024944219938313
STN_0003,2025-08-31T14:00:00.000+08:00,-20,-2.6089208310254186
STN_0003,2025-08-31T15:00:00.000+08:00,-6,-3.1169766356680206
STN_0003,2025-08-31T16:00:00.000+08:00,2,-2.440989700194616
STN_0003,2025-08-31T17:00:00.000+08:00,-3,-0.9324312997920787
STN_0003,2025-08-31T18:00:00.000+08:00,0,-0.6332131216284258
STN_0003,2025-08-31T19:00:00.000+08:00,1,-1.7872612424755572
STN_0003,2025-08-31T20:00:00.000+08:00,0,-1.745882983335786
STN_0003,2025-08-31T21:00:00.000+08:00,4,-0.08150452196021707
STN_0003,2025-08-31T22:00:00.000+08:00,-8,-2.438143064697009
STN_0003,2025-08-31T23:00:00.000+08:00,1,-1.2548422068912863
STN_0003,2025-09-01T00:00:00.000+08:00,-3,0.6942289916463587
STN_0003,2025-09-01T01:00:00.000+08:00,6,1.4650557710255718
STN_0003,2025-09-01T02:00:00.000+08:00,9,0.16674474178782717
STN_0003,2025-09-01T03:00:00.000+08:00,1,0.3578661932379461
STN_0003,2025-09-01T04:00:00.000+08:00,-4,2.49708314801439
STN_0003,2025-09-01T05:00:00.000+08:00,-3,-1.5962069646216719
STN_0003,2025-09-01T06:00:00.000+08:00,1,0.2723399331832752
STN_0003,2025-09-01T07:00:00.000+08:00,0,-0.007879673963174127
STN_0003,2025-09-01T08:00:00.000+08:00,0,0.7536673122980417
STN_0003,2025-09-01T09:00:00.000+08:00,8,-0.03845274979222246
STN_0003,2025-09-01T10:00:00.000+08:00,1,-1.0421794205585826
STN_0003,2025-09-01T11:00:00.000+08:00,-2,-1.533948690424637
STN_0003,2025-09-01T12:00:00.000+08:00,-5,-0.3877475968569186
STN_0003,2025-09-01T13:00:00.000+08:00,-5,-0.3251556444048962
STN_0003,2025-09-01T14:00:00.000+08:00,-16,-4.718861413598251
STN_0003,2025-09-01T15:00:00.000+08:00,0,-2.7218245674751635
STN_0003,2025-09-01T16:00:00.000+08:00,-5,-3.253833082290039
STN_0003,2025-09-01T17:00:00.000+08:00,1,-0.27985307188535424
STN_0003,2025-09-01T18:00:00.000+08:00,0,-0.6311968662721408
STN_0003,2025-09-01T19:00:00.000+08:00,-4,-1.98232410280654
STN_0003,2025-09-01T20:00:00.000+08:00,-1,-2.033738134130539
STN_0003,2025-09-01T21:00:00.000+08:00,-2,-2.7885679679407396
STN_0003,2025-09-01T22:00:00.000+08:00,1,-1.87066444424158
STN_0003,2025-09-01T23:00:00.000+08:00,-5,-1.8985760921558477
STN_0003,2025-09-02T00:00:00.000+08:00,-7,-1.7844161930262974
STN_0003,2025-09-02T01:00:00.000+08:00,-7,-2.017740054009117
STN_0003,2025-09-02T02:00:00.000+08:00,13,0.18703149209822456
STN_0003,2025-09-02T03:00:00.000+08:00,1,-1.6875315362254923
STN_0003,2025-09-02T04:00:00.000+08:00,4,0.46342650634501936
STN_0003,2025-09-02T05:00:00.000+08:00,5,1.6011711057705824
STN_0003,2025-09-02T06:00:00.000+08:00,3,1.4445335353108781
STN_0003,2025-09-02T07:00:00.000+08:00,2,1.5828773437325303
STN_0003,2025-09-02T08:00:00.000+08:00,-8,-0.5063955123515775
STN_0003,2025-09-02T09:00:00.000+08:00,8,0.7877422974593049
STN_0003,2025-09-02T10:00:00.000+08:00,-7,-0.8497747176291686
STN_0003,2025-09-02T11:00:00.000+08:00,3,0.9385554076042499
STN_0003,2025-09-02T12:00:00.000+08:00,2,-0.08333942501059965
STN_0003,2025-09-02T13:00:00.000+08:00,-1,-1.3467157151962246
STN_0003,2025-09-02T14:00:00.000+08:00,-2,-1.328138091782177
STN_0003,2025-09-02T15:00:00.000+08:00,1,-0.9879837479997573
STN_0003,2025-09-02T16:00:00.000+08:00,-1,-0.22684588179535692
STN_0003,2025-09-02T17:00:00.000+08:00,-2,0.004431696188493595
STN_0003,2025-09-02T18:00:00.000+08:00,0,-0.512198041432347
STN_0003,2025-09-02T19:00:00.000+08:00,-9,-4.3633414853760275
STN_0003,2025-09-02T20:00:00.000+08:00,-10,-9.949661432783882
STN_0003,2025-09-02T21:00:00.000+08:00,-4,-0.7562176748573783
STN_0003,2025-09-02T22:00:00.000+08:00,2,-1.0759812759232794
STN_0003,2025-09-02T23:00:00.000+08:00,-15,-3.2032044753031883
STN_0003,2025-09-03T00:00:00.000+08:00,-5,-1.0896302815077874
STN_0003,2025-09-03T01:00:00.000+08:00,8,-0.2593605748444894
STN_0003,2025-09-03T02:00:00.000+08:00,1,-0.25682078657988683
STN_0003,2025-09-03T03:00:00.000+08:00,3,2.7617737309758894
STN_0003,2025-09-03T04:00:00.000+08:00,6,-0.7990264303894818
STN_0003,2025-09-03T05:00:00.000+08:00,-14,-2.1602108593279823
STN_0003,2025-09-03T06:00:00.000+08:00,-1,-7.012978155430737
STN_0003,2025-09-03T07:00:00.000+08:00,-6,-3.0880820124142723
STN_0003,2025-09-03T08:00:00.000+08:00,-7,-2.972492354153669
STN_0003,2025-09-03T09:00:00.000+08:00,6,-2.027639069164902
STN_0003,2025-09-03T10:00:00.000+08:00,-4,-1.9151032173535132
STN_0003,2025-09-03T11:00:00.000+08:00,4,-2.0329269886351327
STN_0003,2025-09-03T12:00:00.000+08:00,0,-2.2279542683528284
STN_0003,2025-09-03T13:00:00.000+08:00,-5,-1.8478493202624224
STN_0003,2025-09-03T14:00:00.000+08:00,-4,-1.2180310851102394
STN_0003,2025-09-03T15:00:00.000+08:00,-3,-1.2999947662182547
STN_0003,2025-09-03T16:00:00.000+08:00,0,-0.44750838109449065
STN_0003,2025-09-03T17:00:00.000+08:00,-2,-0.2172702011711064
STN_0003,2025-09-03T18:00:00.000+08:00,2,-1.0465766168396478
STN_0003,2025-09-03T19:00:00.000+08:00,-7,-4.597324826587943
STN_0003,2025-09-03T20:00:00.000+08:00,-14,-7.796357775753318
STN_0003,2025-09-03T21:00:00.000+08:00,-2,-0.7694725372329501
STN_0003,2025-09-03T22:00:00.000+08:00,2,-1.7667250496415434
STN_0003,2025-09-03T23:00:00.000+08:00,-5,-1.5841449501123606
STN_0003,2025-09-04T00:00:00.000+08:00,-2,-1.164924380672172
STN_0003,2025-09-04T01:00:00.000+08:00,-1,1.0721356683456378
STN_0003,2025-09-04T02:00:00.000+08:00,1,1.463207792156343
STN_0003,2025-09-04T03:00:00.000+08:00,0,-0.35154354579650615
STN_0003,2025-09-04T04:00:00.000+08:00,4,0.3775869856016101
STN_0003,2025-09-04T05:00:00.000+08:00,-6,-5.199349573679676
STN_0003,2025-09-04T06:00:00.000+08:00,1,-2.604664001627608
STN_0003,2025-09-04T07:00:00.000+08:00,9,0.4490867689708047
STN_0003,2025-09-04T08:00:00.000+08:00,-7,-1.5627631379108742
STN_0003,2025-09-04T09:00:00.000+08:00,8,2.2574094486293284
STN_0003,2025-09-04T10:00:00.000+08:00,-5,-0.910302327178508
STN_0003,2025-09-04T11:00:00.000+08:00,0,-1.9091987478178627
STN_0003,2025-09-04T12:00:00.000+08:00,1,-1.7529658839712
STN_0003,2025-09-04T13:00:00.000+08:00,-3,-1.319103214018707
STN_0003,2025-09-04T14:00:00.000+08:00,1,-1.8730346274498566
STN_0003,2025-09-04T15:00:00.000+08:00,-2,-0.8457717568433976
STN_0003,2025-09-04T16:00:00.000+08:00,-1,-0.26710105369819015
STN_0003,2025-09-04T17:00:00.000+08:00,-2,-0.030859753666823364
STN_0003,2025-09-04T18:00:00.000+08:00,-2,-0.8287772610572408
STN_0003,2025-09-04T19:00:00.000+08:00,-4,-4.496070530526923
STN_0003,2025-09-04T20:00:00.000+08:00,-11,-9.780491736504572
STN_0003,2025-09-04T21:00:00.000+08:00,-3,-1.5502304064323624
STN_0003,2025-09-04T22:00:00.000+08:00,2,-1.3528411814585457
STN_0003,2025-09-04T23:00:00.000+08:00,-11,-4.005085992937616
STN_0003,2025-09-05T00:00:00.000+08:00,-3,-1.4788591109545983
STN_0003,2025-09-05T01:00:00.000+08:00,-6,-1.3052045165137862
STN_0003,2025-09-05T02:00:00.000+08:00,1,-0.3037841597258293
STN_0003,2025-09-05T03:00:00.000+08:00,-6,0.42457983953888245
STN_0003,2025-09-05T04:00:00.000+08:00,6,-3.907064521138821
STN_0003,2025-09-05T05:00:00.000+08:00,-5,-2.7512809325121594
STN_0003,2025-09-05T06:00:00.000+08:00,0,-3.2122114221158853
STN_0003,2025-09-05T07:00:00.000+08:00,3,-0.5021641359661864
STN_0003,2025-09-05T08:00:00.000+08:00,4,-1.4114371724847317
STN_0003,2025-09-05T09:00:00.000+08:00,2,-0.8665897540817475
STN_0003,2025-09-05T10:00:00.000+08:00,3,-0.16096366548370433
STN_0003,2025-09-05T11:00:00.000+08:00,6,-0.416169817197674
STN_0003,2025-09-05T12:00:00.000+08:00,0,-0.6926403098307139
STN_0003,2025-09-05T13:00:00.000+08:00,3,-1.561594712031297
STN_0003,2025-09-05T14:00:00.000+08:00,-5,-1.807052575425855
STN_0003,2025-09-05T15:00:00.000+08:00,-6,-1.008587776986729
STN_0003,2025-09-05T16:00:00.000+08:00,-2,-0.46735583175198103
STN_0003,2025-09-05T17:00:00.000+08:00,1,-0.049046340668206456
STN_0003,2025-09-05T18:00:00.000+08:00,0,-0.5546420140852679
STN_0003,2025-09-05T19:00:00.000+08:00,-9,-4.787272387700304
STN_0003,2025-09-05T20:00:00.000+08:00,-2,-8.765536860224241
STN_0003,2025-09-05T21:00:00.000+08:00,6,0.7773120577264407
STN_0003,2025-09-05T22:00:00.000+08:00,-2,-1.9028742143393345
STN_0003,2025-09-05T23:00:00.000+08:00,-4,-0.816845205893971
STN_0003,2025-09-06T00:00:00.000+08:00,8,0.792985661779948
STN_0003,2025-09-06T01:00:00.000+08:00,-6,1.196287815305336
STN_0003,2025-09-06T02:00:00.000+08:00,0,1.5333590962610764
STN_0003,2025-09-06T03:00:00.000+08:00,3,1.4525700357701545
STN_0003,2025-09-06T04:00:00.000+08:00,13,2.3223900861864237
STN_0003,2025-09-06T05:00:00.000+08:00,2,0.0424355048878553
STN_0003,2025-09-06T06:00:00.000+08:00,-1,-2.6418308574708362
STN_0003,2025-09-06T07:00:00.000+08:00,9,1.0849754939283542
STN_0003,2025-09-06T08:00:00.000+08:00,-21,-1.3657191735224288
STN_0003,2025-09-06T09:00:00.000+08:00,2,0.8331929598898533
STN_0003,2025-09-06T10:00:00.000+08:00,8,-0.0037844215820683758
STN_0003,2025-09-06T11:00:00.000+08:00,-8,-4.410027107117855
STN_0003,2025-09-06T12:00:00.000+08:00,3,-1.4221758056511664
STN_0003,2025-09-06T13:00:00.000+08:00,-17,-4.793338769278492
STN_0003,2025-09-06T14:00:00.000+08:00,-8,-4.416190986970932
STN_0003,2025-09-06T15:00:00.000+08:00,-2,-7.4917401177367315
STN_0003,2025-09-06T16:00:00.000+08:00,3,-2.4542405697376277
STN_0003,2025-09-06T17:00:00.000+08:00,0,-0.5091433398702916
STN_0003,2025-09-06T18:00:00.000+08:00,2,-0.4989302449503883
STN_0003,2025-09-06T19:00:00.000+08:00,0,-1.0278599824061803
STN_0003,2025-09-06T20:00:00.000+08:00,0,0.008414956101163718
STN_0003,2025-09-06T21:00:00.000+08:00,8,2.433712081619995
STN_0003,2025-09-06T22:00:00.000+08:00,-3,1.0810840370839827
STN_0003,2025-09-06T23:00:00.000+08:00,1,0.0717458718425199
STN_0003,2025-09-07T00:00:00.000+08:00,8,1.057800259424404
STN_0003,2025-09-07T01:00:00.000+08:00,10,3.1603869280217296
STN_0003,2025-09-07T02:00:00.000+08:00,1,1.8185323783254308
STN_0003,2025-09-07T03:00:00.000+08:00,-10,-0.008130534734357653
STN_0003,2025-09-07T04:00:00.000+08:00,-12,2.47866094268441
STN_0003,2025-09-07T05:00:00.000+08:00,-3,0.5736951881751153
STN_0003,2025-09-07T06:00:00.000+08:00,6,-1.98009622292167
STN_0003,2025-09-07T07:00:00.000+08:00,-2,-0.05755369409506983
STN_0003,2025-09-07T08:00:00.000+08:00,-9,-3.2884726082028077
STN_0003,2025-09-07T09:00:00.000+08:00,10,-0.418780587651689
STN_0003,2025-09-07T10:00:00.000+08:00,-1,-1.9137983059268908
STN_0003,2025-09-07T11:00:00.000+08:00,3,-1.3964503316512236
STN_0003,2025-09-07T12:00:00.000+08:00,3,-2.691867952763877
STN_0003,2025-09-07T13:00:00.000+08:00,-25,-4.170594473999191
STN_0003,2025-09-07T14:00:00.000+08:00,1,-1.6573370329776935
STN_0003,2025-09-07T15:00:00.000+08:00,2,-4.640744062484458
STN_0003,2025-09-07T16:00:00.000+08:00,-3,-1.8152272069249151
STN_0003,2025-09-07T17:00:00.000+08:00,0,-1.758441844241817
STN_0003,2025-09-07T18:00:00.000+08:00,1,-0.3557523852862796
STN_0003,2025-09-07T19:00:00.000+08:00,-3,-0.6390025036221367
STN_0003,2025-09-07T20:00:00.000+08:00,-1,-2.2778881470845436
STN_0003,2025-09-07T21:00:00.000+08:00,7,-0.9132423475536209
STN_0003,2025-09-07T22:00:00.000+08:00,-8,-0.6161041230835362
STN_0003,2025-09-07T23:00:00.000+08:00,6,-0.16272150091526782
STN_0003,2025-09-08T00:00:00.000+08:00,-5,-1.5703706313240442
STN_0003,2025-09-08T01:00:00.000+08:00,-5,0.8291852929592913
STN_0003,2025-09-08T02:00:00.000+08:00,-8,-0.44583323349973014
STN_0003,2025-09-08T03:00:00.000+08:00,1,-1.2577737851090234
STN_0003,2025-09-08T04:00:00.000+08:00,4,0.6140814403482011
STN_0003,2025-09-08T05:00:00.000+08:00,-3,-0.7396474012228431
STN_0003,2025-09-08T06:00:00.000+08:00,2,-1.0138353595472438
STN_0003,2025-09-08T07:00:00.000+08:00,0,-0.31082881785200556
STN_0003,2025-09-08T08:00:00.000+08:00,-4,-1.2725019297517832
STN_0003,2025-09-08T09:00:00.000+08:00,3,-0.18885382273590245
STN_0003,2025-09-08T10:00:00.000+08:00,-3,-0.4415562385280918
STN_0003,2025-09-08T11:00:00.000+08:00,5,0.5059249942735011
STN_0003,2025-09-08T12:00:00.000+08:00,-4,-0.6576307259332985
STN_0003,2025-09-08T13:00:00.000+08:00,0,-0.9788155034042658
STN_0003,2025-09-08T14:00:00.000+08:00,1,-0.23515373770954562
STN_0003,2025-09-08T15:00:00.000+08:00,-1,-0.6924191030257242
STN_0003,2025-09-08T16:00:00.000+08:00,1,-0.01049088666316389
STN_0003,2025-09-08T17:00:00.000+08:00,0,-0.13957199687557165
STN_0003,2025-09-08T18:00:00.000+08:00,3,-0.4088926008572753
STN_0003,2025-09-08T19:00:00.000+08:00,-9,-4.4286936768067715
STN_0003,2025-09-08T20:00:00.000+08:00,-11,-9.188425029253109
STN_0003,2025-09-08T21:00:00.000+08:00,-9,-1.2966684076967034
STN_0003,2025-09-08T22:00:00.000+08:00,8,-1.3966441234132194
STN_0003,2025-09-08T23:00:00.000+08:00,0,-2.8018152430486563
STN_0003,2025-09-09T00:00:00.000+08:00,-3,-1.6587806528637614
STN_0003,2025-09-09T01:00:00.000+08:00,6,0.709364701374728
STN_0003,2025-09-09T02:00:00.000+08:00,2,0.7018912210010662
STN_0003,2025-09-09T03:00:00.000+08:00,-16,2.378391991738834
STN_0003,2025-09-09T04:00:00.000+08:00,8,3.789651159922105
STN_0003,2025-09-09T05:00:00.000+08:00,-14,-3.7446073984313344
STN_0003,2025-09-09T06:00:00.000+08:00,7,-3.004994724674347
STN_0003,2025-09-09T07:00:00.000+08:00,0,-0.5479727191115558
STN_0003,2025-09-09T08:00:00.000+08:00,13,-1.3539591504272934
STN_0003,2025-09-09T09:00:00.000+08:00,-2,-0.09664571243665065
STN_0003,2025-09-09T10:00:00.000+08:00,-1,-0.3848618691222576
STN_0003,2025-09-09T11:00:00.000+08:00,4,1.0441364194088951
STN_0003,2025-09-09T12:00:00.000+08:00,-1,-0.8057885798121891
STN_0003,2025-09-09T13:00:00.000+08:00,1,-0.9651435139593265
STN_0003,2025-09-09T14:00:00.000+08:00,0,-0.6763524557279053
STN_0003,2025-09-09T15:00:00.000+08:00,0,-0.484658019334939
STN_0003,2025-09-09T16:00:00.000+08:00,1,0.002825555213710862
STN_0003,2025-09-09T17:00:00.000+08:00,-3,-0.1695941530187861
STN_0003,2025-09-09T18:00:00.000+08:00,2,-0.6735058759212036
STN_0003,2025-09-09T19:00:00.000+08:00,-2,-3.533921750954039
STN_0003,2025-09-09T20:00:00.000+08:00,-26,-12.847989435058127
STN_0003,2025-09-09T21:00:00.000+08:00,-4,-1.1787920981556717
STN_0003,2025-09-09T22:00:00.000+08:00,11,-1.9716333532893149
STN_0003,2025-09-09T23:00:00.000+08:00,-15,-3.9622704102341597
STN_0003,2025-09-10T00:00:00.000+08:00,-6,-0.3032793033556658
STN_0003,2025-09-10T01:00:00.000+08:00,5,0.5887537827023444
STN_0003,2025-09-10T02:00:00.000+08:00,-4,1.5839145229844007
STN_0003,2025-09-10T03:00:00.000+08:00,-2,0.6461569225198929
STN_0003,2025-09-10T04:00:00.000+08:00,12,1.848446024669009
STN_0003,2025-09-10T05:00:00.000+08:00,3,-2.7436094780153937
STN_0003,2025-09-10T06:00:00.000+08:00,-8,-6.167551154206642
STN_0003,2025-09-10T07:00:00.000+08:00,-13,-2.557822494976133
STN_0003,2025-09-10T08:00:00.000+08:00,11,0.4235752704293816
STN_0003,2025-09-10T09:00:00.000+08:00,-8,-1.0077995775033735
STN_0003,2025-09-10T10:00:00.000+08:00,8,-2.2085781655534227
STN_0003,2025-09-10T11:00:00.000+08:00,4,-3.2936950803230935
STN_0003,2025-09-10T12:00:00.000+08:00,3,0.36019029552159676
STN_0003,2025-09-10T13:00:00.000+08:00,0,-0.8376506743821239
STN_0003,2025-09-10T14:00:00.000+08:00,-2,-1.5643400550107804
STN_0003,2025-09-10T15:00:00.000+08:00,-1,-1.1054562330156863
STN_0003,2025-09-10T16:00:00.000+08:00,0,-0.30492612908117234
STN_0003,2025-09-10T17:00:00.000+08:00,-4,-0.059981229792854474
STN_0003,2025-09-10T18:00:00.000+08:00,3,-0.3109185653419515
STN_0003,2025-09-10T19:00:00.000+08:00,-5,-4.85844033168471
STN_0003,2025-09-10T20:00:00.000+08:00,-18,-10.172329171444805
STN_0003,2025-09-10T21:00:00.000+08:00,0,-1.5758754620225908
STN_0003,2025-09-10T22:00:00.000+08:00,8,-0.349249203965595
STN_0003,2025-09-10T23:00:00.000+08:00,6,-0.4897748363898149
STN_0003,2025-09-11T00:00:00.000+08:00,2,0.2890959629258134
STN_0003,2025-09-11T01:00:00.000+08:00,5,1.64980655524068
STN_0003,2025-09-11T02:00:00.000+08:00,-9,2.189707757378333
STN_0003,2025-09-11T03:00:00.000+08:00,5,4.209950017757318
STN_0003,2025-09-11T04:00:00.000+08:00,4,2.8048182454438972
STN_0003,2025-09-11T05:00:00.000+08:00,3,-1.4257722879632766
STN_0003,2025-09-11T06:00:00.000+08:00,5,-1.079650602719525
STN_0003,2025-09-11T07:00:00.000+08:00,10,1.1428590800226672
STN_0003,2025-09-11T08:00:00.000+08:00,-8,1.5456250679477535
STN_0003,2025-09-11T09:00:00.000+08:00,3,2.514432099008218
STN_0003,2025-09-11T10:00:00.000+08:00,-11,-0.23842992557955967
STN_0003,2025-09-11T11:00:00.000+08:00,-7,-0.7256407204938835
STN_0003,2025-09-11T12:00:00.000+08:00,1,-0.9719032097956575
STN_0003,2025-09-11T13:00:00.000+08:00,-4,-2.7752904007177013
STN_0003,2025-09-11T14:00:00.000+08:00,1,-2.278055407330465
STN_0003,2025-09-11T15:00:00.000+08:00,0,-0.7687734259052588
STN_0003,2025-09-11T16:00:00.000+08:00,3,-0.35250849452957167
STN_0003,2025-09-11T17:00:00.000+08:00,-2,-0.45277299569370943
STN_0003,2025-09-11T18:00:00.000+08:00,2,-0.9160612634411516
STN_0003,2025-09-11T19:00:00.000+08:00,-6,-3.410597464645026
STN_0003,2025-09-11T20:00:00.000+08:00,-21,-10.375173500285756
STN_0003,2025-09-11T21:00:00.000+08:00,0,-0.8139042726329109
STN_0003,2025-09-11T22:00:00.000+08:00,8,-0.8655372315230405
STN_0003,2025-09-11T23:00:00.000+08:00,-9,-3.0404123104086214
STN_0003,2025-09-12T00:00:00.000+08:00,4,-1.220155166228782
STN_0003,2025-09-12T01:00:00.000+08:00,3,1.0579835393354386
STN_0003,2025-09-12T02:00:00.000+08:00,-2,1.8202501743748805
STN_0003,2025-09-12T03:00:00.000+08:00,-7,2.2333835666287136
STN_0003,2025-09-12T04:00:00.000+08:00,10,1.7523621119453452
STN_0003,2025-09-12T05:00:00.000+08:00,0,-1.2993389979739192
STN_0003,2025-09-12T06:00:00.000+08:00,1,-4.877087081002912
STN_0003,2025-09-12T07:00:00.000+08:00,2,0.331791902760898
STN_0003,2025-09-12T08:00:00.000+08:00,-11,-3.9126952515910745
STN_0003,2025-09-12T09:00:00.000+08:00,-2,-1.845986665725441
STN_0003,2025-09-12T10:00:00.000+08:00,-9,-2.006078161215246
STN_0003,2025-09-12T11:00:00.000+08:00,-1,-3.3051113891062798
STN_0003,2025-09-12T12:00:00.000+08:00,-3,-3.0008967520202976
STN_0003,2025-09-12T13:00:00.000+08:00,4,-1.2236963912725072
STN_0003,2025-09-12T14:00:00.000+08:00,-8,-5.08254905589534
STN_0003,2025-09-12T15:00:00.000+08:00,0,-2.672803876383344
STN_0003,2025-09-12T16:00:00.000+08:00,1,-0.3381387190839671
STN_0003,2025-09-12T17:00:00.000+08:00,-1,-0.711153251285634
STN_0003,2025-09-12T18:00:00.000+08:00,2,-0.8238217293269585
STN_0003,2025-09-12T19:00:00.000+08:00,-1,-3.351354977598928
STN_0003,2025-09-12T20:00:00.000+08:00,-12,-3.8727292841701644
STN_0003,2025-09-12T21:00:00.000+08:00,-3,-0.33592771152741996
STN_0003,2025-09-12T22:00:00.000+08:00,-4,-1.06097486828134
STN_0003,2025-09-12T23:00:00.000+08:00,-5,-1.7986718984249297
STN_0003,2025-09-13T00:00:00.000+08:00,7,-0.40065733756695643
STN_0003,2025-09-13T01:00:00.000+08:00,7,-0.46624364834469034
STN_0003,2025-09-13T02:00:00.000+08:00,1,1.3744564756543483
STN_0003,2025-09-13T03:00:00.000+08:00,12,2.3114539294875343
STN_0003,2025-09-13T04:00:00.000+08:00,0,3.7186896711765627
STN_0003,2025-09-13T05:00:00.000+08:00,-2,0.6866447298932314
STN_0003,2025-09-13T06:00:00.000+08:00,-3,0.6817558812366613
STN_0003,2025-09-13T07:00:00.000+08:00,-1,1.9661796322722154
STN_0003,2025-09-13T08:00:00.000+08:00,-8,0.5251070654897347
STN_0003,2025-09-13T09:00:00.000+08:00,-3,-0.21966829178331437
STN_0003,2025-09-13T10:00:00.000+08:00,5,-0.3778761709979932
STN_0003,2025-09-13T11:00:00.000+08:00,0,-3.9098567833780926
STN_0003,2025-09-13T12:00:00.000+08:00,-6,-3.0740599856572324
STN_0003,2025-09-13T13:00:00.000+08:00,-15,-6.281868001056019
STN_0003,2025-09-13T14:00:00.000+08:00,-24,-5.4900624267647995
STN_0003,2025-09-13T15:00:00.000+08:00,-2,-5.459327907153201
STN_0003,2025-09-13T16:00:00.000+08:00,-6,-6.3892872280252355
STN_0003,2025-09-13T17:00:00.000+08:00,0,-1.0486859073348103
STN_0003,2025-09-13T18:00:00.000+08:00,-1,-1.252222451761334
STN_0003,2025-09-13T19:00:00.000+08:00,1,-1.4500838371262317
STN_0003,2025-09-13T20:00:00.000+08:00,-1,-1.5920561888761515
STN_0003,2025-09-13T21:00:00.000+08:00,5,-0.07634954874945166
STN_0003,2025-09-13T22:00:00.000+08:00,2,-2.398939533563775
STN_0003,2025-09-13T23:00:00.000+08:00,-7,-0.6000760401199479
STN_0003,2025-09-14T00:00:00.000+08:00,0,-1.1611503998663437
STN_0003,2025-09-14T01:00:00.000+08:00,8,3.1378296319480405
STN_0003,2025-09-14T02:00:00.000+08:00,-3,-0.7332726503197193
STN_0003,2025-09-14T03:00:00.000+08:00,12,0.35886708265169176
STN_0003,2025-09-14T04:00:00.000+08:00,-16,1.9670478835931746
STN_0003,2025-09-14T05:00:00.000+08:00,3,4.427043779233276
STN_0003,2025-09-14T06:00:00.000+08:00,-1,1.1823180399290578
STN_0003,2025-09-14T07:00:00.000+08:00,8,2.938436575970009
STN_0003,2025-09-14T08:00:00.000+08:00,-4,0.32280676235138017
STN_0003,2025-09-14T09:00:00.000+08:00,3,-1.2890678633728712
STN_0003,2025-09-14T10:00:00.000+08:00,3,-0.6839046026329285
STN_0003,2025-09-14T11:00:00.000+08:00,13,0.8706211348280206
STN_0003,2025-09-14T12:00:00.000+08:00,1,-1.9352766176565588
STN_0003,2025-09-14T13:00:00.000+08:00,-7,-4.07215433344982
STN_0003,2025-09-14T14:00:00.000+08:00,-19,-3.480864840370028
STN_0003,2025-09-14T15:00:00.000+08:00,3,-3.140448500836179
STN_0003,2025-09-14T16:00:00.000+08:00,2,-2.962167934840868
STN_0003,2025-09-14T17:00:00.000+08:00,-1,-0.801889945276294
STN_0003,2025-09-14T18:00:00.000+08:00,2,-0.5279697847633056
STN_0003,2025-09-14T19:00:00.000+08:00,0,-1.987561766694018
STN_0003,2025-09-14T20:00:00.000+08:00,-2,-0.22572346397473853
STN_0003,2025-09-14T21:00:00.000+08:00,3,0.1621068821984677
STN_0003,2025-09-14T22:00:00.000+08:00,-5,-1.3505344240916806
STN_0003,2025-09-14T23:00:00.000+08:00,1,-2.0886528651914436
STN_0003,2025-09-15T00:00:00.000+08:00,-11,-0.24840041578518068
STN_0003,2025-09-15T01:00:00.000+08:00,6,0.3313329168509753
STN_0003,2025-09-15T02:00:00.000+08:00,-3,-0.22424705014645951
STN_0003,2025-09-15T03:00:00.000+08:00,-14,-1.9504353530916099
STN_0003,2025-09-15T04:00:00.000+08:00,4,-1.2811377889788993
STN_0003,2025-09-15T05:00:00.000+08:00,-2,-3.4458364704379214
STN_0003,2025-09-15T06:00:00.000+08:00,2,-2.0212065952090654
STN_0003,2025-09-15T07:00:00.000+08:00,7,-1.3344830893119628
STN_0003,2025-09-15T08:00:00.000+08:00,6,-0.7657637879856392
STN_0003,2025-09-15T09:00:00.000+08:00,4,0.16835870146680065
STN_0003,2025-09-15T10:00:00.000+08:00,10,0.8648604329653935
STN_0003,2025-09-15T11:00:00.000+08:00,-2,-1.101633852232764
STN_0003,2025-09-15T12:00:00.000+08:00,0,-0.8712849123281474
STN_0003,2025-09-15T13:00:00.000+08:00,0,-1.0162130494412316
STN_0003,2025-09-15T14:00:00.000+08:00,-1,-1.0561155980399366
STN_0003,2025-09-15T15:00:00.000+08:00,0,-0.5889073717995497
STN_0003,2025-09-15T16:00:00.000+08:00,-1,0.06702654333083047
STN_0003,2025-09-15T17:00:00.000+08:00,-5,-0.02890238840298398
STN_0003,2025-09-15T18:00:00.000+08:00,0,-0.7830509054516113
STN_0003,2025-09-15T19:00:00.000+08:00,-2,-4.577142451198572
STN_0003,2025-09-15T20:00:00.000+08:00,-12,-11.462453102699202
STN_0003,2025-09-15T21:00:00.000+08:00,-3,-0.5867743989781626
STN_0003,2025-09-15T22:00:00.000+08:00,-8,-2.123718971565836
STN_0003,2025-09-15T23:00:00.000+08:00,-4,-3.2174828824954833
STN_0003,2025-09-16T00:00:00.000+08:00,10,-1.9565405814267702
STN_0003,2025-09-16T01:00:00.000+08:00,4,-0.856619831581817
STN_0003,2025-09-16T02:00:00.000+08:00,6,0.612780335730637
STN_0003,2025-09-16T03:00:00.000+08:00,-2,1.5244683400037644
STN_0003,2025-09-16T04:00:00.000+08:00,5,3.7034040517605895
STN_0003,2025-09-16T05:00:00.000+08:00,0,0.41980661411752607
STN_0003,2025-09-16T06:00:00.000+08:00,0,-1.6987940586483106
STN_0003,2025-09-16T07:00:00.000+08:00,-4,0.48332416385911614
STN_0003,2025-09-16T08:00:00.000+08:00,2,-0.05130557404140035
STN_0003,2025-09-16T09:00:00.000+08:00,-4,-0.636736503091953
STN_0003,2025-09-16T10:00:00.000+08:00,7,-0.805639993690237
STN_0003,2025-09-16T11:00:00.000+08:00,1,-0.33944779676278003
STN_0003,2025-09-16T12:00:00.000+08:00,0,-0.16638326119550761
STN_0003,2025-09-16T13:00:00.000+08:00,-1,-1.5026281637849226
STN_0003,2025-09-16T14:00:00.000+08:00,-2,-0.7354406546442456
STN_0003,2025-09-16T15:00:00.000+08:00,-1,-0.5810467257236974
STN_0003,2025-09-16T16:00:00.000+08:00,1,-0.09081688739236549
STN_0003,2025-09-16T17:00:00.000+08:00,-2,-0.11182671670285593
STN_0003,2025-09-16T18:00:00.000+08:00,1,-1.0386222793026256
STN_0003,2025-09-16T19:00:00.000+08:00,-4,-4.464835598218903
STN_0003,2025-09-16T20:00:00.000+08:00,-18,-13.358057771940462
STN_0003,2025-09-16T21:00:00.000+08:00,-4,-1.3954100800299116
STN_0003,2025-09-16T22:00:00.000+08:00,2,-1.1883536791532983
STN_0003,2025-09-16T23:00:00.000+08:00,2,-2.4357087953207675
STN_0003,2025-09-17T00:00:00.000+08:00,-5,-3.811615039826229
STN_0003,2025-09-17T01:00:00.000+08:00,4,0.4034268238452512
STN_0003,2025-09-17T02:00:00.000+08:00,1,-0.5150117174812863
STN_0003,2025-09-17T03:00:00.000+08:00,11,1.543122834339865
STN_0003,2025-09-17T04:00:00.000+08:00,-5,0.8937007056351938
STN_0003,2025-09-17T05:00:00.000+08:00,2,-0.91553278149307
STN_0003,2025-09-17T06:00:00.000+08:00,-7,-3.5811718662291625
STN_0003,2025-09-17T07:00:00.000+08:00,7,2.606698265493719
STN_0003,2025-09-17T08:00:00.000+08:00,-5,-0.2542085106428509
STN_0003,2025-09-17T09:00:00.000+08:00,-1,-2.208287203171892
STN_0003,2025-09-17T10:00:00.000+08:00,9,0.1309526571851496
STN_0003,2025-09-17T11:00:00.000+08:00,4,-0.9429704755574555
STN_0003,2025-09-17T12:00:00.000+08:00,-2,-0.9517797510590382
STN_0003,2025-09-17T13:00:00.000+08:00,1,-1.2914848413385536
STN_0003,2025-09-17T14:00:00.000+08:00,-4,-0.7015362912928853
STN_0003,2025-09-17T15:00:00.000+08:00,0,-0.6181193612311624
STN_0003,2025-09-17T16:00:00.000+08:00,0,-0.11048414175271237
STN_0003,2025-09-17T17:00:00.000+08:00,-2,-0.23047788834420124
STN_0003,2025-09-17T18:00:00.000+08:00,4,-0.9748641234039694
STN_0003,2025-09-17T19:00:00.000+08:00,-6,-4.218139842951601
STN_0003,2025-09-17T20:00:00.000+08:00,-23,-9.775865414684574
STN_0003,2025-09-17T21:00:00.000+08:00,-5,-0.990542886741121
STN_0003,2025-09-17T22:00:00.000+08:00,-18,-4.093722105206675
STN_0003,2025-09-17T23:00:00.000+08:00,-2,-4.437377685649121
STN_0003,2025-09-18T00:00:00.000+08:00,0,-3.444346021499804
STN_0003,2025-09-18T01:00:00.000+08:00,-3,0.6976744590533741
STN_0003,2025-09-18T02:00:00.000+08:00,-1,-1.1820640077212303
STN_0003,2025-09-18T03:00:00.000+08:00,-8,-0.9649009256324064
STN_0003,2025-09-18T04:00:00.000+08:00,7,-3.0691778253501454
STN_0003,2025-09-18T05:00:00.000+08:00,1,-3.03243350438197
STN_0003,2025-09-18T06:00:00.000+08:00,-6,-6.518292666008598
STN_0003,2025-09-18T07:00:00.000+08:00,-4,0.4330533194028874
STN_0003,2025-09-18T08:00:00.000+08:00,-7,-1.7546043227304082
STN_0003,2025-09-18T09:00:00.000+08:00,8,0.1938615093317111
STN_0003,2025-09-18T10:00:00.000+08:00,9,0.10801684719880811
STN_0003,2025-09-18T11:00:00.000+08:00,-1,-2.4755287269399773
STN_0003,2025-09-18T12:00:00.000+08:00,-11,-0.9617790782455575
STN_0003,2025-09-18T13:00:00.000+08:00,0,-1.344898526753446
STN_0003,2025-09-18T14:00:00.000+08:00,0,-1.2205239028891024
STN_0003,2025-09-18T15:00:00.000+08:00,0,-1.6624409239665574
STN_0003,2025-09-18T16:00:00.000+08:00,-1,-0.2820441003421569
STN_0003,2025-09-18T17:00:00.000+08:00,-5,-0.16319122461236935
STN_0003,2025-09-18T18:00:00.000+08:00,0,-0.3967908025257221
STN_0003,2025-09-18T19:00:00.000+08:00,-4,-4.985459886789566
STN_0003,2025-09-18T20:00:00.000+08:00,-9,-10.527901865234893
STN_0003,2025-09-18T21:00:00.000+08:00,-8,-0.5425103605957844
STN_0003,2025-09-18T22:00:00.000+08:00,5,-1.2178181877273566
STN_0003,2025-09-18T23:00:00.000+08:00,-4,-2.587470581802725
STN_0003,2025-09-19T00:00:00.000+08:00,1,-1.8686075770614572
STN_0003,2025-09-19T01:00:00.000+08:00,4,0.11461133031595949
STN_0003,2025-09-19T02:00:00.000+08:00,1,0.40451972828407534
STN_0003,2025-09-19T03:00:00.000+08:00,2,1.911780238746136
STN_0003,2025-09-19T04:00:00.000+08:00,0,1.6015690172763968
STN_0003,2025-09-19T05:00:00.000+08:00,16,1.010097572402529
STN_0003,2025-09-19T06:00:00.000+08:00,-6,-2.3223079871287666
STN_0003,2025-09-19T07:00:00.000+08:00,2,3.431026412796861
STN_0003,2025-09-19T08:00:00.000+08:00,-17,-1.3172340226618857
STN_0003,2025-09-19T09:00:00.000+08:00,0,1.8837258827729784
STN_0003,2025-09-19T10:00:00.000+08:00,1,1.8967701639383598
STN_0003,2025-09-19T11:00:00.000+08:00,5,-3.056851458067806
STN_0003,2025-09-19T12:00:00.000+08:00,0,-2.647612609734068
STN_0003,2025-09-19T13:00:00.000+08:00,0,-4.993530668279898
STN_0003,2025-09-19T14:00:00.000+08:00,3,-3.9671198239800036
STN_0003,2025-09-19T15:00:00.000+08:00,-10,-3.3050518938129603
STN_0003,2025-09-19T16:00:00.000+08:00,0,-1.1226980474900317
STN_0003,2025-09-19T17:00:00.000+08:00,-2,-0.22536189073792534
STN_0003,2025-09-19T18:00:00.000+08:00,3,-0.6102717865080511
STN_0003,2025-09-19T19:00:00.000+08:00,-2,-3.7078075353222455
STN_0003,2025-09-19T20:00:00.000+08:00,-2,-4.6790600168412855
STN_0003,2025-09-19T21:00:00.000+08:00,-6,-0.3309293202961392
STN_0003,2025-09-19T22:00:00.000+08:00,-3,-0.7643355124505273
STN_0003,2025-09-19T23:00:00.000+08:00,0,-0.8378684298506371
STN_0003,2025-09-20T00:00:00.000+08:00,-5,-0.07909174372268524
STN_0003,2025-09-20T01:00:00.000+08:00,-1,-0.10342336797159035
STN_0003,2025-09-20T02:00:00.000+08:00,4,-1.330850716337082
STN_0003,2025-09-20T03:00:00.000+08:00,-6,0.46235541466066366
STN_0003,2025-09-20T04:00:00.000+08:00,10,3.1960636928425785
STN_0003,2025-09-20T05:00:00.000+08:00,18,0.9859437279644467
STN_0003,2025-09-20T06:00:00.000+08:00,-2,-2.8298972739756465
STN_0003,2025-09-20T07:00:00.000+08:00,-18,0.8314460646587136
STN_0003,2025-09-20T08:00:00.000+08:00,2,0.37208861401251525
STN_0003,2025-09-20T09:00:00.000+08:00,3,0.18709499660079842
STN_0003,2025-09-20T10:00:00.000+08:00,7,-1.4882558882699115
STN_0003,2025-09-20T11:00:00.000+08:00,9,-3.68690266245234
STN_0003,2025-09-20T12:00:00.000+08:00,-3,-3.0722017622920106
STN_0003,2025-09-20T13:00:00.000+08:00,-3,-1.9638029590273902
STN_0003,2025-09-20T14:00:00.000+08:00,-10,-3.7006200687246267
STN_0003,2025-09-20T15:00:00.000+08:00,3,-3.0039898731760033
STN_0003,2025-09-20T16:00:00.000+08:00,-2,-2.8948804650664113
STN_0003,2025-09-20T17:00:00.000+08:00,-1,-0.31788164214249326
STN_0003,2025-09-20T18:00:00.000+08:00,-7,-0.2647222830019731
STN_0003,2025-09-20T19:00:00.000+08:00,0,-2.861381120138354
STN_0003,2025-09-20T20:00:00.000+08:00,3,-1.4355447304925315
STN_0003,2025-09-20T21:00:00.000+08:00,-4,-2.0597322997775116
STN_0003,2025-09-20T22:00:00.000+08:00,-1,-1.7720168089373711
STN_0003,2025-09-20T23:00:00.000+08:00,-6,-1.4072180797457676
STN_0003,2025-09-21T00:00:00.000+08:00,1,0.17514449837062784
STN_0003,2025-09-21T01:00:00.000+08:00,2,1.2064099637463244
STN_0003,2025-09-21T02:00:00.000+08:00,-6,-0.8289889551135801
STN_0003,2025-09-21T03:00:00.000+08:00,-7,0.5013897712917128
STN_0003,2025-09-21T04:00:00.000+08:00,9,2.1470505651951726
STN_0003,2025-09-21T05:00:00.000+08:00,2,-1.4203387319869307
STN_0003,2025-09-21T06:00:00.000+08:00,2,-1.254169301820479
STN_0003,2025-09-21T07:00:00.000+08:00,-10,-0.5973985279035681
STN_0003,2025-09-21T08:00:00.000+08:00,1,0.5997204839512484
STN_0003,2025-09-21T09:00:00.000+08:00,5,0.26816748462022133
STN_0003,2025-09-21T10:00:00.000+08:00,-1,-1.3046488156399274
STN_0003,2025-09-21T11:00:00.000+08:00,7,-1.6153493031700155
STN_0003,2025-09-21T12:00:00.000+08:00,-3,-4.0572712433504154
STN_0003,2025-09-21T13:00:00.000+08:00,2,-2.087592062221768
STN_0003,2025-09-21T14:00:00.000+08:00,-6,-4.131438684922211
STN_0003,2025-09-21T15:00:00.000+08:00,-10,-3.718762199933635
STN_0003,2025-09-21T16:00:00.000+08:00,4,-3.119883854929624
STN_0003,2025-09-21T17:00:00.000+08:00,0,-0.5536158127931117
STN_0003,2025-09-21T18:00:00.000+08:00,-5,-0.08100304691164184
STN_0003,2025-09-21T19:00:00.000+08:00,-2,-3.4386685851748493
STN_0003,2025-09-21T20:00:00.000+08:00,-6,-1.7756947888897687
STN_0003,2025-09-21T21:00:00.000+08:00,1,-2.961557727790402
STN_0003,2025-09-21T22:00:00.000+08:00,-3,-2.7177387845969037
STN_0003,2025-09-21T23:00:00.000+08:00,-5,-1.5885116102720662
STN_0003,2025-09-22T00:00:00.000+08:00,9,-0.6532500105340535
STN_0003,2025-09-22T01:00:00.000+08:00,-4,-0.502365250535874
STN_0003,2025-09-22T02:00:00.000+08:00,3,-0.40202933190677825
STN_0003,2025-09-22T03:00:00.000+08:00,6,0.8797673684631491
STN_0003,2025-09-22T04:00:00.000+08:00,-4,-0.036446308897261304
STN_0003,2025-09-22T05:00:00.000+08:00,3,1.493397892818244
STN_0003,2025-09-22T06:00:00.000+08:00,1,1.1884285874129183
STN_0003,2025-09-22T07:00:00.000+08:00,-1,0.969578314254484
STN_0003,2025-09-22T08:00:00.000+08:00,3,0.3353608561737147
STN_0003,2025-09-22T09:00:00.000+08:00,1,0.2995309101257906
STN_0003,2025-09-22T10:00:00.000+08:00,3,0.643370575181061
STN_0003,2025-09-22T11:00:00.000+08:00,-1,-0.8294096529407051
STN_0003,2025-09-22T12:00:00.000+08:00,0,-0.393667947626132
STN_0003,2025-09-22T13:00:00.000+08:00,-7,-1.401762303070293
STN_0003,2025-09-22T14:00:00.000+08:00,-2,-1.148841254189132
STN_0003,2025-09-22T15:00:00.000+08:00,0,-1.1502354458721682
STN_0003,2025-09-22T16:00:00.000+08:00,-2,-0.21054807370696127
STN_0003,2025-09-22T17:00:00.000+08:00,-3,-0.9426831084378184
STN_0003,2025-09-22T18:00:00.000+08:00,2,-0.6763546572370362
STN_0003,2025-09-22T19:00:00.000+08:00,-3,-3.792878688707872
STN_0003,2025-09-22T20:00:00.000+08:00,-10,-10.769055888952327
STN_0003,2025-09-22T21:00:00.000+08:00,0,-0.5987904217268465
STN_0003,2025-09-22T22:00:00.000+08:00,1,-1.0199572103214507
STN_0003,2025-09-22T23:00:00.000+08:00,-4,-0.5915428420772848
STN_0003,2025-09-23T00:00:00.000+08:00,-6,-0.9769382292996056
STN_0003,2025-09-23T01:00:00.000+08:00,-5,0.3887645317090538
STN_0003,2025-09-23T02:00:00.000+08:00,10,2.0706610361884223
STN_0003,2025-09-23T03:00:00.000+08:00,-2,-0.042976453706177864
STN_0003,2025-09-23T04:00:00.000+08:00,12,2.809309786027832
STN_0003,2025-09-23T05:00:00.000+08:00,3,-2.9634636931795555
STN_0003,2025-09-23T06:00:00.000+08:00,1,-2.584751146043672
STN_0003,2025-09-23T07:00:00.000+08:00,-9,4.051514235733688
STN_0003,2025-09-23T08:00:00.000+08:00,4,-0.0786639095659929
STN_0003,2025-09-23T09:00:00.000+08:00,1,0.031471461951184665
STN_0003,2025-09-23T10:00:00.000+08:00,1,-0.859819707853573
STN_0003,2025-09-23T11:00:00.000+08:00,1,-1.0428463815410236
STN_0003,2025-09-23T12:00:00.000+08:00,-1,-1.65339548306339
STN_0003,2025-09-23T13:00:00.000+08:00,2,-0.9552245733063063
STN_0003,2025-09-23T14:00:00.000+08:00,1,-0.3845645127917685
STN_0003,2025-09-23T15:00:00.000+08:00,0,-0.4900222477064261
STN_0003,2025-09-23T16:00:00.000+08:00,0,-0.06976768510570308
STN_0003,2025-09-23T17:00:00.000+08:00,-2,0.20992318564776746
STN_0003,2025-09-23T18:00:00.000+08:00,2,-0.2466039826510782
STN_0003,2025-09-23T19:00:00.000+08:00,0,-2.7931685423441595
STN_0003,2025-09-23T20:00:00.000+08:00,-11,-9.182391870733916
STN_0003,2025-09-23T21:00:00.000+08:00,-2,0.6868471158388445
STN_0003,2025-09-23T22:00:00.000+08:00,-3,-0.32539392339852213
STN_0003,2025-09-23T23:00:00.000+08:00,-7,-0.9245324625215137
STN_0003,2025-09-24T00:00:00.000+08:00,4,-2.120051287283564
STN_0003,2025-09-24T01:00:00.000+08:00,-2,-1.7907893514184643
STN_0003,2025-09-24T02:00:00.000+08:00,1,-0.6471445782645908
STN_0003,2025-09-24T03:00:00.000+08:00,-3,-0.3619677840166915
STN_0003,2025-09-24T04:00:00.000+08:00,2,1.8746910683776044
STN_0003,2025-09-24T05:00:00.000+08:00,8,0.03763677603920357
STN_0003,2025-09-24T06:00:00.000+08:00,2,-0.33344203530926464
STN_0003,2025-09-24T07:00:00.000+08:00,7,1.6651223569973261
STN_0003,2025-09-24T08:00:00.000+08:00,-13,-2.8983253874353885
STN_0003,2025-09-24T09:00:00.000+08:00,2,-0.03766174970122904
STN_0003,2025-09-24T10:00:00.000+08:00,-4,-1.1188101567971351
STN_0003,2025-09-24T11:00:00.000+08:00,-9,-1.1884325726647216
STN_0003,2025-09-24T12:00:00.000+08:00,5,-0.5130097264259819
STN_0003,2025-09-24T13:00:00.000+08:00,-1,-1.9160004487510829
STN_0003,2025-09-24T14:00:00.000+08:00,-2,-1.6568614889268276
STN_0003,2025-09-24T15:00:00.000+08:00,-2,-1.089973067453619
STN_0003,2025-09-24T16:00:00.000+08:00,0,-0.30021160581101747
STN_0003,2025-09-24T17:00:00.000+08:00,-1,-0.03647657786250935
STN_0003,2025-09-24T18:00:00.000+08:00,3,-0.5426040434878718
STN_0003,2025-09-24T19:00:00.000+08:00,-9,-4.5557263941040915
STN_0003,2025-09-24T20:00:00.000+08:00,-14,-7.713083326117756
STN_0003,2025-09-24T21:00:00.000+08:00,-4,-1.2482346051712412
STN_0003,2025-09-24T22:00:00.000+08:00,3,-1.9723215898799893
STN_0003,2025-09-24T23:00:00.000+08:00,-8,-2.204907917135454
STN_0003,2025-09-25T00:00:00.000+08:00,-10,-0.04724147586956917
STN_0003,2025-09-25T01:00:00.000+08:00,1,0.3058894787633939
STN_0003,2025-09-25T02:00:00.000+08:00,4,0.5354645254359625
STN_0003,2025-09-25T03:00:00.000+08:00,-9,-0.1720990788775083
STN_0003,2025-09-25T04:00:00.000+08:00,2,-0.6285551569523165
STN_0003,2025-09-25T05:00:00.000+08:00,5,-2.420806498671787
STN_0003,2025-09-25T06:00:00.000+08:00,12,-1.9902495421897441
STN_0003,2025-09-25T07:00:00.000+08:00,-12,0.8673520054976684
STN_0003,2025-09-25T08:00:00.000+08:00,-7,0.31568400893957715
STN_0003,2025-09-25T09:00:00.000+08:00,7,-1.5207378281706205
STN_0003,2025-09-25T10:00:00.000+08:00,-11,-1.7919197559164033
STN_0003,2025-09-25T11:00:00.000+08:00,3,-0.9077971602963171
STN_0003,2025-09-25T12:00:00.000+08:00,-13,-5.708127232137757
STN_0003,2025-09-25T13:00:00.000+08:00,0,-1.2065374146120087
STN_0003,2025-09-25T14:00:00.000+08:00,6,-2.0412861027330402
STN_0003,2025-09-25T15:00:00.000+08:00,1,-1.7820305522370572
STN_0003,2025-09-25T16:00:00.000+08:00,0,-0.18017944734517177
STN_0003,2025-09-25T17:00:00.000+08:00,-2,-0.17102995999542203
STN_0003,2025-09-25T18:00:00.000+08:00,0,-0.16552949642829784
STN_0003,2025-09-25T19:00:00.000+08:00,-10,-4.230698800378321
STN_0003,2025-09-25T20:00:00.000+08:00,-6,-7.838664901215433
STN_0003,2025-09-25T21:00:00.000+08:00,1,-0.9449994388554135
STN_0003,2025-09-25T22:00:00.000+08:00,5,-0.9150553758835489
STN_0003,2025-09-25T23:00:00.000+08:00,-8,-1.3349401050821506
STN_0003,2025-09-26T00:00:00.000+08:00,4,0.02726255364741803
STN_0003,2025-09-26T01:00:00.000+08:00,-2,-0.6051277314167454
STN_0003,2025-09-26T02:00:00.000+08:00,-1,0.5125773655268624
STN_0003,2025-09-26T03:00:00.000+08:00,-5,0.46938876483610414
STN_0003,2025-09-26T04:00:00.000+08:00,6,0.0596813713528519
STN_0003,2025-09-26T05:00:00.000+08:00,-7,-1.1648709044624503
STN_0003,2025-09-26T06:00:00.000+08:00,8,0.03219670778244321
STN_0003,2025-09-26T07:00:00.000+08:00,5,0.5061840302854748
STN_0003,2025-09-26T08:00:00.000+08:00,-7,-1.1215554464668003
STN_0003,2025-09-26T09:00:00.000+08:00,-2,0.13902064532503644
STN_0003,2025-09-26T10:00:00.000+08:00,-1,-0.4842590974375316
STN_0003,2025-09-26T11:00:00.000+08:00,6,0.4169611277106693
STN_0003,2025-09-26T12:00:00.000+08:00,2,-1.1808799342804042
STN_0003,2025-09-26T13:00:00.000+08:00,-4,-0.7186595657350443
STN_0003,2025-09-26T14:00:00.000+08:00,2,-2.894598889014717
STN_0003,2025-09-26T15:00:00.000+08:00,0,-2.0697353349827146
STN_0003,2025-09-26T16:00:00.000+08:00,-3,-0.573923859044895
STN_0003,2025-09-26T17:00:00.000+08:00,-3,0.1273021169478843
STN_0003,2025-09-26T18:00:00.000+08:00,1,-1.262104166923923
STN_0003,2025-09-26T19:00:00.000+08:00,-5,-4.0886920758391945
STN_0003,2025-09-26T20:00:00.000+08:00,-9,-9.974764347566795
STN_0003,2025-09-26T21:00:00.000+08:00,-1,0.4653861434031903
STN_0003,2025-09-26T22:00:00.000+08:00,0,-0.7625871789453029
STN_0003,2025-09-26T23:00:00.000+08:00,-1,-0.6645252086072908
STN_0003,2025-09-27T00:00:00.000+08:00,-1,0.06894804350681838
STN_0003,2025-09-27T01:00:00.000+08:00,1,-0.07979522704133402
STN_0003,2025-09-27T02:00:00.000+08:00,11,1.0753534280983068
STN_0003,2025-09-27T03:00:00.000+08:00,1,0.523130343924386
STN_0003,2025-09-27T04:00:00.000+08:00,15,3.023910398686464
STN_0003,2025-09-27T05:00:00.000+08:00,-1,0.5482342668372908
STN_0003,2025-09-27T06:00:00.000+08:00,1,-1.3293498520530989
STN_0003,2025-09-27T07:00:00.000+08:00,-2,-0.15106466489780956
STN_0003,2025-09-27T08:00:00.000+08:00,-6,-0.6886347272446294
STN_0003,2025-09-27T09:00:00.000+08:00,7,1.9253115130312395
STN_0003,2025-09-27T10:00:00.000+08:00,-27,-4.16992950703154
STN_0003,2025-09-27T11:00:00.000+08:00,15,-0.3937802402099564
STN_0003,2025-09-27T12:00:00.000+08:00,-1,-9.272235604946097
STN_0003,2025-09-27T13:00:00.000+08:00,-8,-7.390311306017718
STN_0003,2025-09-27T14:00:00.000+08:00,5,-3.683984772110536
STN_0003,2025-09-27T15:00:00.000+08:00,-15,-5.397798297577069
STN_0003,2025-09-27T16:00:00.000+08:00,-5,-1.0859151627327415
STN_0003,2025-09-27T17:00:00.000+08:00,0,-0.9438002796938165
STN_0003,2025-09-27T18:00:00.000+08:00,-1,-0.5095520880941125
STN_0003,2025-09-27T19:00:00.000+08:00,1,-2.4208797492668
STN_0003,2025-09-27T20:00:00.000+08:00,2,-1.3583533855136016
STN_0003,2025-09-27T21:00:00.000+08:00,4,-0.20338973283727757
STN_0003,2025-09-27T22:00:00.000+08:00,-9,-1.634508373027046
STN_0003,2025-09-27T23:00:00.000+08:00,3,-0.00939406942430665
STN_0003,2025-09-28T00:00:00.000+08:00,-8,-1.081038783311488
STN_0003,2025-09-28T01:00:00.000+08:00,8,2.006025641736233
STN_0003,2025-09-28T02:00:00.000+08:00,-2,-1.4666517441165823
STN_0003,2025-09-28T03:00:00.000+08:00,2,-0.7149159064802149
STN_0003,2025-09-28T04:00:00.000+08:00,-8,0.05436910125141381
STN_0003,2025-09-28T05:00:00.000+08:00,7,2.778186500800416
STN_0003,2025-09-28T06:00:00.000+08:00,6,-0.7480675928540563
STN_0003,2025-09-28T07:00:00.000+08:00,5,3.3580847080952907
STN_0003,2025-09-28T08:00:00.000+08:00,-12,-1.7391386762109455
STN_0003,2025-09-28T09:00:00.000+08:00,-2,-0.8314784139745015
STN_0003,2025-09-28T10:00:00.000+08:00,8,1.2677740598955118
STN_0003,2025-09-28T11:00:00.000+08:00,-1,-2.099026835179721
STN_0003,2025-09-28T12:00:00.000+08:00,3,-3.9033691691176475
STN_0003,2025-09-28T13:00:00.000+08:00,-6,-3.1772857442331404
STN_0003,2025-09-28T14:00:00.000+08:00,-12,-4.716595393845461
STN_0003,2025-09-28T15:00:00.000+08:00,-3,-5.528621091521099
STN_0003,2025-09-28T16:00:00.000+08:00,-5,-2.784584832157883
STN_0003,2025-09-28T17:00:00.000+08:00,0,-1.1339582970308477
STN_0003,2025-09-28T18:00:00.000+08:00,-1,-0.33605650408474075
STN_0003,2025-09-28T19:00:00.000+08:00,-1,-1.095573917195503
STN_0003,2025-09-28T20:00:00.000+08:00,4,-1.3568877533233898
STN_0003,2025-09-28T21:00:00.000+08:00,-1,-1.3350797839985615
STN_0003,2025-09-28T22:00:00.000+08:00,3,0.813075773646128
STN_0003,2025-09-28T23:00:00.000+08:00,-14,-0.804660455980418
STN_0003,2025-09-29T00:00:00.000+08:00,8,-0.4576102993076745
STN_0003,2025-09-29T01:00:00.000+08:00,7,1.0070855628549538
STN_0003,2025-09-29T02:00:00.000+08:00,-8,-0.2441020665019451
STN_0003,2025-09-29T03:00:00.000+08:00,2,-0.3184631266157467
STN_0003,2025-09-29T04:00:00.000+08:00,-14,-0.8842393983422312
STN_0003,2025-09-29T05:00:00.000+08:00,4,-0.36853201376708
STN_0003,2025-09-29T06:00:00.000+08:00,-3,-2.7126361884975125
STN_0003,2025-09-29T07:00:00.000+08:00,2,-0.20236537733181947
STN_0003,2025-09-29T08:00:00.000+08:00,1,-0.07135600309596413
STN_0003,2025-09-29T09:00:00.000+08:00,2,-0.1394480700810714
STN_0003,2025-09-29T10:00:00.000+08:00,3,-0.5341118786480212
STN_0003,2025-09-29T11:00:00.000+08:00,2,0.6431746233203111
STN_0003,2025-09-29T12:00:00.000+08:00,6,-1.3443761206119316
STN_0003,2025-09-29T13:00:00.000+08:00,1,-1.2362215717267961
STN_0003,2025-09-29T14:00:00.000+08:00,-2,-0.8213819262464579
STN_0003,2025-09-29T15:00:00.000+08:00,0,-0.9569674623009272
STN_0003,2025-09-29T16:00:00.000+08:00,0,0.15504275000714884
STN_0003,2025-09-29T17:00:00.000+08:00,0,-0.011527336815594147
STN_0003,2025-09-29T18:00:00.000+08:00,-1,-0.49286297727923944
STN_0003,2025-09-29T19:00:00.000+08:00,-1,-3.161875191056083
STN_0003,2025-09-29T20:00:00.000+08:00,-7,-7.186216699101902
STN_0003,2025-09-29T21:00:00.000+08:00,-7,0.41058554964616967
STN_0003,2025-09-29T22:00:00.000+08:00,-1,-0.6896032830491361
STN_0003,2025-09-29T23:00:00.000+08:00,-5,-0.6648615462209762
STN_0003,2025-09-30T00:00:00.000+08:00,9,-0.2702965807008155
STN_0003,2025-09-30T01:00:00.000+08:00,-1,0.47274484525894067
STN_0003,2025-09-30T02:00:00.000+08:00,2,1.5854121640460086
STN_0003,2025-09-30T03:00:00.000+08:00,0,1.5284563257842017
STN_0003,2025-09-30T04:00:00.000+08:00,8,5.340806809251379
STN_0003,2025-09-30T05:00:00.000+08:00,2,1.9982982385160923
STN_0003,2025-09-30T06:00:00.000+08:00,0,-0.6693582930089761
STN_0003,2025-09-30T07:00:00.000+08:00,-22,-2.324873687188159
STN_0003,2025-09-30T08:00:00.000+08:00,-2,-1.314376597035551
STN_0003,2025-09-30T09:00:00.000+08:00,9,-0.9901176423777418
STN_0003,2025-09-30T10:00:00.000+08:00,4,-1.6673740065624418
STN_0003,2025-09-30T11:00:00.000+08:00,1,-1.4574411385339783
STN_0003,2025-09-30T12:00:00.000+08:00,-5,-1.4310070640017791
STN_0003,2025-09-30T13:00:00.000+08:00,-1,-1.2262680348854094
STN_0003,2025-09-30T14:00:00.000+08:00,0,-0.9932159456029066
STN_0003,2025-09-30T15:00:00.000+08:00,1,-0.7719662447209514
STN_0003,2025-09-30T16:00:00.000+08:00,-1,-0.3140289196388163
STN_0003,2025-09-30T17:00:00.000+08:00,-1,-0.18922150007385286
STN_0003,2025-09-30T18:00:00.000+08:00,-5,-1.0068375862100996
STN_0003,2025-09-30T19:00:00.000+08:00,-6,-5.075773809262227
STN_0003,2025-09-30T20:00:00.000+08:00,-2,-8.261936865929789
STN_0003,2025-09-30T21:00:00.000+08:00,-9,-1.490012830882181
STN_0003,2025-09-30T22:00:00.000+08:00,2,-2.1526593791709594
STN_0003,2025-09-30T23:00:00.000+08:00,-2,-3.001139513025681
STN_0003,2025-10-01T00:00:00.000+08:00,-1,-1.0038845465503599
STN_0003,2025-10-01T01:00:00.000+08:00,4,0.8324103601461239
STN_0003,2025-10-01T02:00:00.000+08:00,7,0.2234510177115645
STN_0003,2025-10-01T03:00:00.000+08:00,2,1.5646594804890874
STN_0003,2025-10-01T04:00:00.000+08:00,-1,0.2927744032109132
STN_0003,2025-10-01T05:00:00.000+08:00,19,0.35116286987213385
STN_0003,2025-10-01T06:00:00.000+08:00,-3,-0.737000666982297
STN_0003,2025-10-01T07:00:00.000+08:00,1,0.9037395941027135
STN_0003,2025-10-01T08:00:00.000+08:00,1,-0.019840011893062837
STN_0003,2025-10-01T09:00:00.000+08:00,-2,-1.3059712453138097
STN_0003,2025-10-01T10:00:00.000+08:00,-3,1.0683839808593252
STN_0003,2025-10-01T11:00:00.000+08:00,-2,-1.1991776053174377
STN_0003,2025-10-01T12:00:00.000+08:00,-3,-0.49287016696442176
STN_0003,2025-10-01T13:00:00.000+08:00,-5,-1.5795395228588665
STN_0003,2025-10-01T14:00:00.000+08:00,1,-1.1966344712537769
STN_0003,2025-10-01T15:00:00.000+08:00,-1,-0.6009819589718978
STN_0003,2025-10-01T16:00:00.000+08:00,0,-0.21239941093065928
STN_0003,2025-10-01T17:00:00.000+08:00,-2,-0.4097778327872966
STN_0003,2025-10-01T18:00:00.000+08:00,3,-1.1212824388468783
STN_0003,2025-10-01T19:00:00.000+08:00,-5,-4.410336507244763
STN_0003,2025-10-01T20:00:00.000+08:00,-13,-11.637358453032178
STN_0003,2025-10-01T21:00:00.000+08:00,-9,-1.2232316875600695
STN_0003,2025-10-01T22:00:00.000+08:00,7,-2.2608349767332907
STN_0003,2025-10-01T23:00:00.000+08:00,-5,-2.490414886746077
STN_0003,2025-10-02T00:00:00.000+08:00,-6,-0.29464376801623615
STN_0003,2025-10-02T01:00:00.000+08:00,20,2.0117082179509893
STN_0003,2025-10-02T02:00:00.000+08:00,3,0.4330176018538232
STN_0003,2025-10-02T03:00:00.000+08:00,-5,1.9432252974610478
STN_0003,2025-10-02T04:00:00.000+08:00,-10,0.5879312216442969
STN_0003,2025-10-02T05:00:00.000+08:00,13,-0.37845074741699847
STN_0003,2025-10-02T06:00:00.000+08:00,-1,-3.959408807905163
STN_0003,2025-10-02T07:00:00.000+08:00,0,0.8316368500148137
STN_0003,2025-10-02T08:00:00.000+08:00,-9,-0.9467392699688766
STN_0003,2025-10-02T09:00:00.000+08:00,-2,-0.13733460515675233
STN_0003,2025-10-02T10:00:00.000+08:00,-11,-4.584301732557055
STN_0003,2025-10-02T11:00:00.000+08:00,5,-0.8323465342233316
STN_0003,2025-10-02T12:00:00.000+08:00,-2,-3.4257104647105168
STN_0003,2025-10-02T13:00:00.000+08:00,0,-1.3462882453378127
STN_0003,2025-10-02T14:00:00.000+08:00,0,-0.9227413341733588
STN_0003,2025-10-02T15:00:00.000+08:00,1,-0.7664790555551622
STN_0003,2025-10-02T16:00:00.000+08:00,-1,-0.23895940419537298
STN_0003,2025-10-02T17:00:00.000+08:00,-3,-0.14754678322092374
STN_0003,2025-10-02T18:00:00.000+08:00,1,-0.7204110537833381
STN_0003,2025-10-02T19:00:00.000+08:00,-6,-5.165277222276857
STN_0003,2025-10-02T20:00:00.000+08:00,-11,-12.644112000228313
STN_0003,2025-10-02T21:00:00.000+08:00,3,-1.267451578160351
STN_0003,2025-10-02T22:00:00.000+08:00,1,-0.956418069845899
STN_0003,2025-10-02T23:00:00.000+08:00,-9,-1.785363906534922
STN_0003,2025-10-03T00:00:00.000+08:00,-3,-0.21522886366348004
STN_0003,2025-10-03T01:00:00.000+08:00,2,0.9941158183220047
STN_0003,2025-10-03T02:00:00.000+08:00,3,0.35739406120438133
STN_0003,2025-10-03T03:00:00.000+08:00,-1,-0.7437505707613745
STN_0003,2025-10-03T04:00:00.000+08:00,7,1.7969040619184966
STN_0003,2025-10-03T05:00:00.000+08:00,9,-0.6127984308002041
STN_0003,2025-10-03T06:00:00.000+08:00,2,0.9174392404124774
STN_0003,2025-10-03T07:00:00.000+08:00,-2,4.523627474645206
STN_0003,2025-10-03T08:00:00.000+08:00,-10,-2.7043328341300885
STN_0003,2025-10-03T09:00:00.000+08:00,-9,1.3611132589736314
STN_0003,2025-10-03T10:00:00.000+08:00,14,1.2218939801907887
STN_0003,2025-10-03T11:00:00.000+08:00,3,-1.9299964702401553
STN_0003,2025-10-03T12:00:00.000+08:00,1,-1.6296096890106693
STN_0003,2025-10-03T13:00:00.000+08:00,-3,-2.818147720359277
STN_0003,2025-10-03T14:00:00.000+08:00,-10,-2.6330653702931586
STN_0003,2025-10-03T15:00:00.000+08:00,-9,-2.656387356640364
STN_0003,2025-10-03T16:00:00.000+08:00,0,-1.5298913117863797
STN_0003,2025-10-03T17:00:00.000+08:00,0,-0.22828071261165805
STN_0003,2025-10-03T18:00:00.000+08:00,3,-0.6978685491750061
STN_0003,2025-10-03T19:00:00.000+08:00,-3,-4.3707283865521624
STN_0003,2025-10-03T20:00:00.000+08:00,0,-5.051659375763371
STN_0003,2025-10-03T21:00:00.000+08:00,0,0.5341821254758763
STN_0003,2025-10-03T22:00:00.000+08:00,1,-0.8128873709154494
STN_0003,2025-10-03T23:00:00.000+08:00,-2,-0.3340100629307976
STN_0003,2025-10-04T00:00:00.000+08:00,0,0.8983520766024391
STN_0003,2025-10-04T01:00:00.000+08:00,6,0.9744390265379579
STN_0003,2025-10-04T02:00:00.000+08:00,-6,-0.02570399820081093
STN_0003,2025-10-04T03:00:00.000+08:00,7,0.5169857189920783
STN_0003,2025-10-04T04:00:00.000+08:00,-7,0.5688450506891556
STN_0003,2025-10-04T05:00:00.000+08:00,5,2.223801962609677
STN_0003,2025-10-04T06:00:00.000+08:00,-2,-2.7138159278365137
STN_0003,2025-10-04T07:00:00.000+08:00,-9,-2.184151778431307
STN_0003,2025-10-04T08:00:00.000+08:00,-1,0.7502047656487107
STN_0003,2025-10-04T09:00:00.000+08:00,-7,-0.7660679524272993
STN_0003,2025-10-04T10:00:00.000+08:00,-3,-1.307441935047649
STN_0003,2025-10-04T11:00:00.000+08:00,4,-3.043643029746889
STN_0003,2025-10-04T12:00:00.000+08:00,1,-6.376032907872407
STN_0003,2025-10-04T13:00:00.000+08:00,-1,-4.8651738627098595
STN_0003,2025-10-04T14:00:00.000+08:00,-5,-3.488186356956243
STN_0003,2025-10-04T15:00:00.000+08:00,-11,-6.505878276227715
STN_0003,2025-10-04T16:00:00.000+08:00,-8,-1.5336242886614109
STN_0003,2025-10-04T17:00:00.000+08:00,0,-0.9108493010664072
STN_0003,2025-10-04T18:00:00.000+08:00,-4,-0.25156083208661273
STN_0003,2025-10-04T19:00:00.000+08:00,0,-2.963073666143848
STN_0003,2025-10-04T20:00:00.000+08:00,1,-3.1265271753577286
STN_0003,2025-10-04T21:00:00.000+08:00,-1,-2.3726863863771612
STN_0003,2025-10-04T22:00:00.000+08:00,2,-0.9753868131007266
STN_0003,2025-10-04T23:00:00.000+08:00,0,-0.2717917344231182
STN_0003,2025-10-05T00:00:00.000+08:00,-7,-1.288860893646337
STN_0003,2025-10-05T01:00:00.000+08:00,4,2.7873600033132995
STN_0003,2025-10-05T02:00:00.000+08:00,-9,-0.7157700038195536
STN_0003,2025-10-05T03:00:00.000+08:00,-3,-0.565084014620961
STN_0003,2025-10-05T04:00:00.000+08:00,0,-0.9145725461873191
STN_0003,2025-10-05T05:00:00.000+08:00,-13,-2.0405183692448965
STN_0003,2025-10-05T06:00:00.000+08:00,5,-3.7293766667563446
STN_0003,2025-10-05T07:00:00.000+08:00,0,-2.5582873037311558
STN_0003,2025-10-05T08:00:00.000+08:00,4,-0.3686970431588108
STN_0003,2025-10-05T09:00:00.000+08:00,1,-1.7224154132983998
STN_0003,2025-10-05T10:00:00.000+08:00,-1,-1.024723657615592
STN_0003,2025-10-05T11:00:00.000+08:00,-1,-2.56767079218009
STN_0003,2025-10-05T12:00:00.000+08:00,2,-4.130114244323806
STN_0003,2025-10-05T13:00:00.000+08:00,-2,-4.626032444148462
STN_0003,2025-10-05T14:00:00.000+08:00,-1,-5.583609334801484
STN_0003,2025-10-05T15:00:00.000+08:00,-13,-4.297504301747836
STN_0003,2025-10-05T16:00:00.000+08:00,-4,-1.6572559232351596
STN_0003,2025-10-05T17:00:00.000+08:00,0,-0.6269502663619602
STN_0003,2025-10-05T18:00:00.000+08:00,0,-0.5152274345238985
STN_0003,2025-10-05T19:00:00.000+08:00,0,-0.759711723216316
STN_0003,2025-10-05T20:00:00.000+08:00,-3,-2.821291730271744
STN_0003,2025-10-05T21:00:00.000+08:00,-4,-0.9685867589072705
STN_0003,2025-10-05T22:00:00.000+08:00,-8,-4.2351474403283405
STN_0003,2025-10-05T23:00:00.000+08:00,-7,-2.259829830609142
STN_0003,2025-10-06T00:00:00.000+08:00,-9,-3.457424014763454
STN_0003,2025-10-06T01:00:00.000+08:00,-2,-3.3035720451631647
STN_0003,2025-10-06T02:00:00.000+08:00,3,-3.009635561551196
STN_0003,2025-10-06T03:00:00.000+08:00,-8,-4.700563041889353
STN_0003,2025-10-06T04:00:00.000+08:00,-9,-1.445736098976159
STN_0003,2025-10-06T05:00:00.000+08:00,3,-1.6280884524917774
STN_0003,2025-10-06T06:00:00.000+08:00,14,-1.9396347712529902
STN_0003,2025-10-06T07:00:00.000+08:00,1,-1.060294208943258
STN_0003,2025-10-06T08:00:00.000+08:00,-5,0.16600543514528354
STN_0003,2025-10-06T09:00:00.000+08:00,-3,0.3811093547768696
STN_0003,2025-10-06T10:00:00.000+08:00,1,1.4493587043801757
STN_0003,2025-10-06T11:00:00.000+08:00,1,-0.08259006564651372
STN_0003,2025-10-06T12:00:00.000+08:00,0,-0.33802767616751783
STN_0003,2025-10-06T13:00:00.000+08:00,0,-1.5014702112471046
STN_0003,2025-10-06T14:00:00.000+08:00,-3,-1.3139818626419426
STN_0003,2025-10-06T15:00:00.000+08:00,-2,-0.767048708292444
STN_0003,2025-10-06T16:00:00.000+08:00,0,-0.11077211200447312
STN_0003,2025-10-06T17:00:00.000+08:00,-2,-0.07711673160439314
STN_0003,2025-10-06T18:00:00.000+08:00,0,-0.6514421667812447
STN_0003,2025-10-06T19:00:00.000+08:00,-4,-5.165827663775268
STN_0003,2025-10-06T20:00:00.000+08:00,-14,-11.69637151646292
STN_0003,2025-10-06T21:00:00.000+08:00,-2,-1.0109774777148193
STN_0003,2025-10-06T22:00:00.000+08:00,2,-0.5710524992705075
STN_0003,2025-10-06T23:00:00.000+08:00,-2,-1.8455476189694924
STN_0003,2025-10-07T00:00:00.000+08:00,1,-1.330029483679203
STN_0003,2025-10-07T01:00:00.000+08:00,2,-0.68051048493205
STN_0003,2025-10-07T02:00:00.000+08:00,3,1.1058316634523315
STN_0003,2025-10-07T03:00:00.000+08:00,4,2.594560363278511
STN_0003,2025-10-07T04:00:00.000+08:00,-6,2.645676776419556
STN_0003,2025-10-07T05:00:00.000+08:00,-4,-0.6027569061087377
STN_0003,2025-10-07T06:00:00.000+08:00,3,0.515730208255615
STN_0003,2025-10-07T07:00:00.000+08:00,6,-0.15731997807040443
STN_0003,2025-10-07T08:00:00.000+08:00,5,-2.5494565932500564
STN_0003,2025-10-07T09:00:00.000+08:00,0,-0.2953699892346613
STN_0003,2025-10-07T10:00:00.000+08:00,-3,0.6934800655314177
STN_0003,2025-10-07T11:00:00.000+08:00,-1,-0.07731687521946462
STN_0003,2025-10-07T12:00:00.000+08:00,1,0.43953060464419025
STN_0003,2025-10-07T13:00:00.000+08:00,-1,-1.403448184582826
STN_0003,2025-10-07T14:00:00.000+08:00,0,-0.6224751113766769
STN_0003,2025-10-07T15:00:00.000+08:00,2,-0.4944845362316015
STN_0003,2025-10-07T16:00:00.000+08:00,0,-0.2217560854769135
STN_0003,2025-10-07T17:00:00.000+08:00,-3,0.1657317462961665
STN_0003,2025-10-07T18:00:00.000+08:00,-5,-1.2664186546190859
STN_0003,2025-10-07T19:00:00.000+08:00,-3,-4.451762580740107
STN_0003,2025-10-07T20:00:00.000+08:00,-9,-10.188344462091502
STN_0003,2025-10-07T21:00:00.000+08:00,-5,-1.163572514957405
STN_0003,2025-10-07T22:00:00.000+08:00,-8,-2.4744446114602336
STN_0003,2025-10-07T23:00:00.000+08:00,-4,-3.142011751146443
STN_0003,2025-10-08T00:00:00.000+08:00,0,-3.7782453782758054
STN_0003,2025-10-08T01:00:00.000+08:00,-1,-1.9924705299482834
STN_0003,2025-10-08T02:00:00.000+08:00,9,-1.4464723402315194
STN_0003,2025-10-08T03:00:00.000+08:00,3,-0.7212245097863406
STN_0003,2025-10-08T04:00:00.000+08:00,-1,1.1207416438748048
STN_0003,2025-10-08T05:00:00.000+08:00,0,0.8205440790070035
STN_0003,2025-10-08T06:00:00.000+08:00,2,0.9741478778391688
STN_0003,2025-10-08T07:00:00.000+08:00,2,0.44117635317810766
STN_0003,2025-10-08T08:00:00.000+08:00,1,-1.7072373743698126
STN_0003,2025-10-08T09:00:00.000+08:00,5,0.6470947645031426
STN_0003,2025-10-08T10:00:00.000+08:00,5,-0.1533288135240749
STN_0003,2025-10-08T11:00:00.000+08:00,-3,-0.12783494404167772
STN_0003,2025-10-08T12:00:00.000+08:00,1,0.42560723822387203
STN_0003,2025-10-08T13:00:00.000+08:00,3,-0.5170071449237597
STN_0003,2025-10-08T14:00:00.000+08:00,-1,-0.33961122086496975
STN_0003,2025-10-08T15:00:00.000+08:00,2,-0.313018301333409
STN_0003,2025-10-08T16:00:00.000+08:00,0,-0.2494479442823585
STN_0003,2025-10-08T17:00:00.000+08:00,-3,0.03582177569786227
STN_0003,2025-10-08T18:00:00.000+08:00,1,-0.14332148528094724
STN_0003,2025-10-08T19:00:00.000+08:00,-1,-3.4103659023179977
STN_0003,2025-10-08T20:00:00.000+08:00,-11,-8.939374793630163
STN_0003,2025-10-08T21:00:00.000+08:00,-10,-1.0233053520118354
STN_0003,2025-10-08T22:00:00.000+08:00,-3,-2.5372556657855014
STN_0003,2025-10-08T23:00:00.000+08:00,0,-2.7665776122563415
STN_0003,2025-10-09T00:00:00.000+08:00,-1,-0.7485008732904781
STN_0003,2025-10-09T01:00:00.000+08:00,-13,-1.2416143293649817
STN_0003,2025-10-09T02:00:00.000+08:00,-1,-0.48410515523606534
STN_0003,2025-10-09T03:00:00.000+08:00,0,1.0948790444567607
STN_0003,2025-10-09T04:00:00.000+08:00,9,4.2012384541862176
STN_0003,2025-10-09T05:00:00.000+08:00,-7,-3.9350436092234418
STN_0003,2025-10-09T06:00:00.000+08:00,3,-5.10412931689271
STN_0003,2025-10-09T07:00:00.000+08:00,6,3.1668807367942193
STN_0003,2025-10-09T08:00:00.000+08:00,-8,-0.23438330994597578
STN_0003,2025-10-09T09:00:00.000+08:00,4,0.5693234761634756
STN_0003,2025-10-09T10:00:00.000+08:00,5,-0.7321317350890908
STN_0003,2025-10-09T11:00:00.000+08:00,-1,-0.30835023991950017
STN_0003,2025-10-09T12:00:00.000+08:00,0,-0.9207043437021003
STN_0003,2025-10-09T13:00:00.000+08:00,0,-1.4629592183101972
STN_0003,2025-10-09T14:00:00.000+08:00,1,-0.6862407252651053
STN_0003,2025-10-09T15:00:00.000+08:00,0,-0.6021983563134286
STN_0003,2025-10-09T16:00:00.000+08:00,0,-0.5304206819773324
STN_0003,2025-10-09T17:00:00.000+08:00,-2,-0.03009394591866099
STN_0003,2025-10-09T18:00:00.000+08:00,1,-0.6942411315840387
STN_0003,2025-10-09T19:00:00.000+08:00,-6,-3.955447425013415
STN_0003,2025-10-09T20:00:00.000+08:00,-12,-12.791305421999253
STN_0003,2025-10-09T21:00:00.000+08:00,-2,-0.7993651973247768
STN_0003,2025-10-09T22:00:00.000+08:00,2,-0.6814703138207872
STN_0003,2025-10-09T23:00:00.000+08:00,-6,-3.493618109481842
STN_0003,2025-10-10T00:00:00.000+08:00,1,-1.4588361656024897
STN_0003,2025-10-10T01:00:00.000+08:00,-1,-1.199510303777263
STN_0003,2025-10-10T02:00:00.000+08:00,3,1.1795320850161755
STN_0003,2025-10-10T03:00:00.000+08:00,8,2.0573603162868395
STN_0003,2025-10-10T04:00:00.000+08:00,14,5.0997389445947405
STN_0003,2025-10-10T05:00:00.000+08:00,-6,2.7652762545040055
STN_0003,2025-10-10T06:00:00.000+08:00,-10,-1.4583544852719719
STN_0003,2025-10-10T07:00:00.000+08:00,-5,2.29760888642965
STN_0003,2025-10-10T08:00:00.000+08:00,-12,-1.536192142494933
STN_0003,2025-10-10T09:00:00.000+08:00,12,-0.04883966065080969
STN_0003,2025-10-10T10:00:00.000+08:00,2,-1.9347353698714933
STN_0003,2025-10-10T11:00:00.000+08:00,4,-0.8208641095717955
STN_0003,2025-10-10T12:00:00.000+08:00,3,-1.1709197239439177
STN_0003,2025-10-10T13:00:00.000+08:00,-5,-1.963190411741519
STN_0003,2025-10-10T14:00:00.000+08:00,-6,-1.721698383514382
STN_0003,2025-10-10T15:00:00.000+08:00,-7,-2.537009311139947
STN_0003,2025-10-10T16:00:00.000+08:00,-1,-0.8576492251605734
STN_0003,2025-10-10T17:00:00.000+08:00,-2,-0.16799859755839508
STN_0003,2025-10-10T18:00:00.000+08:00,0,-0.4251478386007066
STN_0003,2025-10-10T19:00:00.000+08:00,4,-3.8524805529027977
STN_0003,2025-10-10T20:00:00.000+08:00,-1,-1.6024668561444653
STN_0003,2025-10-10T21:00:00.000+08:00,-3,0.37719838636779457
STN_0003,2025-10-10T22:00:00.000+08:00,10,-0.3583424533793522
STN_0003,2025-10-10T23:00:00.000+08:00,-1,-0.2735715421953966
STN_0003,2025-10-11T00:00:00.000+08:00,0,0.8075559330597137
STN_0003,2025-10-11T01:00:00.000+08:00,-7,0.4440067425899379
STN_0003,2025-10-11T02:00:00.000+08:00,-15,-0.4943148884478852
STN_0003,2025-10-11T03:00:00.000+08:00,14,2.3042804654679223
STN_0003,2025-10-11T04:00:00.000+08:00,8,1.881447052041981
STN_0003,2025-10-11T05:00:00.000+08:00,6,3.668782733707385
STN_0003,2025-10-11T06:00:00.000+08:00,-2,-0.06133880752284426
STN_0003,2025-10-11T07:00:00.000+08:00,-8,-1.0953355123282513
STN_0003,2025-10-11T08:00:00.000+08:00,9,2.588913827268435
STN_0003,2025-10-11T09:00:00.000+08:00,-3,-0.27482085856561156
STN_0003,2025-10-11T10:00:00.000+08:00,3,-0.8450176257610877
STN_0003,2025-10-11T11:00:00.000+08:00,0,-1.135926666427018
STN_0003,2025-10-11T12:00:00.000+08:00,-2,-4.203093603118873
STN_0003,2025-10-11T13:00:00.000+08:00,-20,-4.218095587777746
STN_0003,2025-10-11T14:00:00.000+08:00,-7,-3.4187935211025815
STN_0003,2025-10-11T15:00:00.000+08:00,-3,-3.7539378546347466
STN_0003,2025-10-11T16:00:00.000+08:00,-2,-1.1381871211389387
STN_0003,2025-10-11T17:00:00.000+08:00,0,-0.2944880983819589
STN_0003,2025-10-11T18:00:00.000+08:00,0,-0.6247175698709804
STN_0003,2025-10-11T19:00:00.000+08:00,3,-2.2310301698901194
STN_0003,2025-10-11T20:00:00.000+08:00,-4,-3.0957391606042384
STN_0003,2025-10-11T21:00:00.000+08:00,0,-0.46654177512580297
STN_0003,2025-10-11T22:00:00.000+08:00,2,-1.274671651478359
STN_0003,2025-10-11T23:00:00.000+08:00,-5,-1.7611943087965845
STN_0003,2025-10-12T00:00:00.000+08:00,5,-2.041726540612201
STN_0003,2025-10-12T01:00:00.000+08:00,2,-0.40150843666432934
STN_0003,2025-10-12T02:00:00.000+08:00,4,0.9967506979180687
STN_0003,2025-10-12T03:00:00.000+08:00,1,0.13701771878075064
STN_0003,2025-10-12T04:00:00.000+08:00,-18,0.3362139346266453
STN_0003,2025-10-12T05:00:00.000+08:00,1,1.259574978369752
STN_0003,2025-10-12T06:00:00.000+08:00,5,-0.5219604923321697
STN_0003,2025-10-12T07:00:00.000+08:00,0,-0.018435678715309933
STN_0003,2025-10-12T08:00:00.000+08:00,-7,-1.6442428570771668
STN_0003,2025-10-12T09:00:00.000+08:00,2,-1.367094439148433
STN_0003,2025-10-12T10:00:00.000+08:00,12,-0.9794315487949508
STN_0003,2025-10-12T11:00:00.000+08:00,2,-1.9024604567905747
STN_0003,2025-10-12T12:00:00.000+08:00,-8,-2.6709739992605197
STN_0003,2025-10-12T13:00:00.000+08:00,3,-3.221195602031049
STN_0003,2025-10-12T14:00:00.000+08:00,-6,-1.7586132566496477
STN_0003,2025-10-12T15:00:00.000+08:00,1,-1.5500106374418765
STN_0003,2025-10-12T16:00:00.000+08:00,2,-0.8087484637271576
STN_0003,2025-10-12T17:00:00.000+08:00,0,-0.41616762584149436
STN_0003,2025-10-12T18:00:00.000+08:00,-3,-0.6441224465857425
STN_0003,2025-10-12T19:00:00.000+08:00,1,-1.8648427805193175
STN_0003,2025-10-12T20:00:00.000+08:00,2,0.09865572657890587
STN_0003,2025-10-12T21:00:00.000+08:00,-5,-1.3846778876449681
STN_0003,2025-10-12T22:00:00.000+08:00,2,-1.7300580819847928
STN_0003,2025-10-12T23:00:00.000+08:00,-7,-1.292712751893772
STN_0003,2025-10-13T00:00:00.000+08:00,2,0.9816333014825869
STN_0003,2025-10-13T01:00:00.000+08:00,3,0.17542117992695516
STN_0003,2025-10-13T02:00:00.000+08:00,-1,-0.41644557307531294
STN_0003,2025-10-13T03:00:00.000+08:00,13,1.5664527807241502
STN_0003,2025-10-13T04:00:00.000+08:00,-14,-1.3405500593777528
STN_0003,2025-10-13T05:00:00.000+08:00,-8,-0.4014024359848385
STN_0003,2025-10-13T06:00:00.000+08:00,8,1.2923441108385738
STN_0003,2025-10-13T07:00:00.000+08:00,-4,-0.7134293448828863
STN_0003,2025-10-13T08:00:00.000+08:00,-7,0.6044205910728362
STN_0003,2025-10-13T09:00:00.000+08:00,-1,-0.6596524442520462
STN_0003,2025-10-13T10:00:00.000+08:00,8,-0.1523681064706448
STN_0003,2025-10-13T11:00:00.000+08:00,2,-0.6285574904203637
STN_0003,2025-10-13T12:00:00.000+08:00,0,-0.6999652698554693
STN_0003,2025-10-13T13:00:00.000+08:00,-1,-1.502151301421959
STN_0003,2025-10-13T14:00:00.000+08:00,-1,-0.9503079764363032
STN_0003,2025-10-13T15:00:00.000+08:00,-2,-1.266977225772156
STN_0003,2025-10-13T16:00:00.000+08:00,-2,-0.7247246133734881
STN_0003,2025-10-13T17:00:00.000+08:00,0,-0.32927255500385066
STN_0003,2025-10-13T18:00:00.000+08:00,0,-0.49009594277359714
STN_0003,2025-10-13T19:00:00.000+08:00,-9,-3.9993671569818394
STN_0003,2025-10-13T20:00:00.000+08:00,0,-3.413562028457166
STN_0003,2025-10-13T21:00:00.000+08:00,-1,-2.4274194807854466
STN_0003,2025-10-13T22:00:00.000+08:00,-1,-2.199581305383787
STN_0003,2025-10-13T23:00:00.000+08:00,7,-0.11433143664649492
STN_0003,2025-10-14T00:00:00.000+08:00,0,-0.36910083945757677
STN_0003,2025-10-14T01:00:00.000+08:00,0,0.2416924962690583
STN_0003,2025-10-14T02:00:00.000+08:00,-2,0.45626973779731017
STN_0003,2025-10-14T03:00:00.000+08:00,2,0.976374943296781
STN_0003,2025-10-14T04:00:00.000+08:00,-1,0.5152166950177097
STN_0003,2025-10-14T05:00:00.000+08:00,-8,0.07926635750484934
STN_0003,2025-10-14T06:00:00.000+08:00,-8,0.39212414628281245
STN_0003,2025-10-14T07:00:00.000+08:00,-3,0.5749024902170667
STN_0003,2025-10-14T08:00:00.000+08:00,3,-0.39575426051629137
STN_0003,2025-10-14T09:00:00.000+08:00,1,-0.30009642874839315
STN_0003,2025-10-14T10:00:00.000+08:00,2,-0.5516790129583296
STN_0003,2025-10-14T11:00:00.000+08:00,2,0.17864438568035101
STN_0003,2025-10-14T12:00:00.000+08:00,-2,-0.20028897193565642
STN_0003,2025-10-14T13:00:00.000+08:00,0,-1.4972760453947562
STN_0003,2025-10-14T14:00:00.000+08:00,0,-0.6839624470839587
STN_0003,2025-10-14T15:00:00.000+08:00,-2,-0.4286125682199745
STN_0003,2025-10-14T16:00:00.000+08:00,-1,-0.02927007817854521
STN_0003,2025-10-14T17:00:00.000+08:00,1,-0.20693972511434222
STN_0003,2025-10-14T18:00:00.000+08:00,2,-0.4342490639816532
STN_0003,2025-10-14T19:00:00.000+08:00,-4,-3.4010298536234167
STN_0003,2025-10-14T20:00:00.000+08:00,-5,-4.731896216433016
STN_0003,2025-10-14T21:00:00.000+08:00,4,1.4846625992112887
STN_0003,2025-10-14T22:00:00.000+08:00,0,-1.0225471234735046
STN_0003,2025-10-14T23:00:00.000+08:00,-6,-1.1511251055343372
STN_0003,2025-10-15T00:00:00.000+08:00,-5,-0.5236314141503282
STN_0003,2025-10-15T01:00:00.000+08:00,-5,-2.522969390433957
STN_0003,2025-10-15T02:00:00.000+08:00,-1,0.05609972756604975
STN_0003,2025-10-15T03:00:00.000+08:00,1,-1.6707982342479646
STN_0003,2025-10-15T04:00:00.000+08:00,5,0.9848704131552566
STN_0003,2025-10-15T05:00:00.000+08:00,2,1.8048213735248062
STN_0003,2025-10-15T06:00:00.000+08:00,1,-0.1325070463882625
STN_0003,2025-10-15T07:00:00.000+08:00,0,-0.028259591165571862
STN_0003,2025-10-15T08:00:00.000+08:00,2,-1.0066196910865042
STN_0003,2025-10-15T09:00:00.000+08:00,5,-0.25503975599137974
STN_0003,2025-10-15T10:00:00.000+08:00,5,6.270565006261108E-5
STN_0003,2025-10-15T11:00:00.000+08:00,-1,-0.4110599286058356
STN_0003,2025-10-15T12:00:00.000+08:00,0,0.07336732812076585
STN_0003,2025-10-15T13:00:00.000+08:00,-5,-1.0855842350283758
STN_0003,2025-10-15T14:00:00.000+08:00,-4,-0.7823135390632985
STN_0003,2025-10-15T15:00:00.000+08:00,-1,-1.5508009161876308
STN_0003,2025-10-15T16:00:00.000+08:00,0,-0.18734111898492545
STN_0003,2025-10-15T17:00:00.000+08:00,-1,-0.35948124541937443
STN_0003,2025-10-15T18:00:00.000+08:00,1,-0.5071221010498603
STN_0003,2025-10-15T19:00:00.000+08:00,-3,-4.394111130452378
STN_0003,2025-10-15T20:00:00.000+08:00,-10,-6.822287565051038
STN_0003,2025-10-15T21:00:00.000+08:00,3,0.36355519906769374
STN_0003,2025-10-15T22:00:00.000+08:00,2,-1.4167036122831167
STN_0003,2025-10-15T23:00:00.000+08:00,5,-0.8271098997082138
STN_0003,2025-10-16T00:00:00.000+08:00,-3,-0.2713247326701005
STN_0003,2025-10-16T01:00:00.000+08:00,-1,0.8158384976229343
STN_0003,2025-10-16T02:00:00.000+08:00,1,0.5086962942354365
STN_0003,2025-10-16T03:00:00.000+08:00,1,1.1173848257198884
STN_0003,2025-10-16T04:00:00.000+08:00,1,2.6648334878636675
STN_0003,2025-10-16T05:00:00.000+08:00,-5,0.7110649123090482
STN_0003,2025-10-16T06:00:00.000+08:00,5,0.45706127286181086
STN_0003,2025-10-16T07:00:00.000+08:00,-1,-0.0964682540907269
STN_0003,2025-10-16T08:00:00.000+08:00,2,-0.7762105211191148
STN_0003,2025-10-16T09:00:00.000+08:00,-4,-0.8796969531255474
STN_0003,2025-10-16T10:00:00.000+08:00,3,0.8297682697355935
STN_0003,2025-10-16T11:00:00.000+08:00,-3,-0.20459137458033183
STN_0003,2025-10-16T12:00:00.000+08:00,4,0.03312159494671718
STN_0003,2025-10-16T13:00:00.000+08:00,-4,-1.091662207008171
STN_0003,2025-10-16T14:00:00.000+08:00,0,-1.1515271778098757
STN_0003,2025-10-16T15:00:00.000+08:00,0,-0.5626430723434727
STN_0003,2025-10-16T16:00:00.000+08:00,1,-0.11674782328349675
STN_0003,2025-10-16T17:00:00.000+08:00,0,0.11619243047689365
STN_0003,2025-10-16T18:00:00.000+08:00,-4,-1.7029543611146793
STN_0003,2025-10-16T19:00:00.000+08:00,1,-3.6939838448192637
STN_0003,2025-10-16T20:00:00.000+08:00,-3,-3.67865039807665
STN_0003,2025-10-16T21:00:00.000+08:00,-1,0.950599943411822
STN_0003,2025-10-16T22:00:00.000+08:00,1,-1.2021630223740836
STN_0003,2025-10-16T23:00:00.000+08:00,9,0.8317124214428144
STN_0003,2025-10-17T00:00:00.000+08:00,0,0.36692776689282347
STN_0003,2025-10-17T01:00:00.000+08:00,-10,1.0939575443663099
STN_0003,2025-10-17T02:00:00.000+08:00,2,0.3852065601267558
STN_0003,2025-10-17T03:00:00.000+08:00,4,2.0109544620746576
STN_0003,2025-10-17T04:00:00.000+08:00,4,2.9676156676106302
STN_0003,2025-10-17T05:00:00.000+08:00,0,1.393661765377523
STN_0003,2025-10-17T06:00:00.000+08:00,0,1.5170621558298372
STN_0003,2025-10-17T07:00:00.000+08:00,-1,0.7075338032854539
STN_0003,2025-10-17T08:00:00.000+08:00,-1,-0.725999548503447
STN_0003,2025-10-17T09:00:00.000+08:00,1,-0.37717236980512503
STN_0003,2025-10-17T10:00:00.000+08:00,-2,-0.08803898254899067
STN_0003,2025-10-17T11:00:00.000+08:00,2,-1.0269751367200524
STN_0003,2025-10-17T12:00:00.000+08:00,1,-2.247484629548592
STN_0003,2025-10-17T13:00:00.000+08:00,-3,-1.5496189841774886
STN_0003,2025-10-17T14:00:00.000+08:00,0,-1.3834634093976554
STN_0003,2025-10-17T15:00:00.000+08:00,-9,-0.9861951649517928
STN_0003,2025-10-17T16:00:00.000+08:00,0,-0.4358558349329955
STN_0003,2025-10-17T17:00:00.000+08:00,1,-0.016750671307625975
STN_0003,2025-10-17T18:00:00.000+08:00,0,-0.7263352121050715
STN_0003,2025-10-17T19:00:00.000+08:00,0,-4.088174533179318
STN_0003,2025-10-17T20:00:00.000+08:00,-7,-3.3610583914579237
STN_0003,2025-10-17T21:00:00.000+08:00,0,-0.19799066199911408
STN_0003,2025-10-17T22:00:00.000+08:00,6,-0.8361080083790391
STN_0003,2025-10-17T23:00:00.000+08:00,4,-0.9854528584186912
STN_0003,2025-10-18T00:00:00.000+08:00,5,0.364577982997087
STN_0003,2025-10-18T01:00:00.000+08:00,-8,0.5568479747927242
STN_0003,2025-10-18T02:00:00.000+08:00,-2,2.0759849670698465
STN_0003,2025-10-18T03:00:00.000+08:00,-2,1.6512545176780726
STN_0003,2025-10-18T04:00:00.000+08:00,6,2.7759526252532467
STN_0003,2025-10-18T05:00:00.000+08:00,-3,1.7518141817304027
STN_0003,2025-10-18T06:00:00.000+08:00,1,-0.6921085467169164
STN_0003,2025-10-18T07:00:00.000+08:00,9,1.196760324862833
STN_0003,2025-10-18T08:00:00.000+08:00,-2,-0.6785282560423802
STN_0003,2025-10-18T09:00:00.000+08:00,-1,-0.5724000723419973
STN_0003,2025-10-18T10:00:00.000+08:00,6,-1.216646861892558
STN_0003,2025-10-18T11:00:00.000+08:00,-1,-0.5737246195713457
STN_0003,2025-10-18T12:00:00.000+08:00,-4,-1.5659220714523343
STN_0003,2025-10-18T13:00:00.000+08:00,-1,-1.8690159927596968
STN_0003,2025-10-18T14:00:00.000+08:00,-13,-2.67991242396916
STN_0003,2025-10-18T15:00:00.000+08:00,-11,-2.6170588937626977
STN_0003,2025-10-18T16:00:00.000+08:00,-1,-3.93438824587417
STN_0003,2025-10-18T17:00:00.000+08:00,-1,-0.3381140460118339
STN_0003,2025-10-18T18:00:00.000+08:00,1,-0.40230284926007176
STN_0003,2025-10-18T19:00:00.000+08:00,0,-1.3295363140767826
STN_0003,2025-10-18T20:00:00.000+08:00,0,-2.0380251052500444
STN_0003,2025-10-18T21:00:00.000+08:00,3,-0.7467252752485685
STN_0003,2025-10-18T22:00:00.000+08:00,-2,-0.9282986335072039
STN_0003,2025-10-18T23:00:00.000+08:00,-12,-0.9293923358663072
STN_0003,2025-10-19T00:00:00.000+08:00,12,-1.1837362897248482
STN_0003,2025-10-19T01:00:00.000+08:00,-8,-2.726265304201137
STN_0003,2025-10-19T02:00:00.000+08:00,4,0.19086189194961278
STN_0003,2025-10-19T03:00:00.000+08:00,-5,0.6203371806119655
STN_0003,2025-10-19T04:00:00.000+08:00,2,0.8550079292908599
STN_0003,2025-10-19T05:00:00.000+08:00,4,1.7667096308915973
STN_0003,2025-10-19T06:00:00.000+08:00,-3,0.6377900888229
STN_0003,2025-10-19T07:00:00.000+08:00,4,0.5280252049698824
STN_0003,2025-10-19T08:00:00.000+08:00,3,-1.5261050016825646
STN_0003,2025-10-19T09:00:00.000+08:00,1,-1.3937744808302632
STN_0003,2025-10-19T10:00:00.000+08:00,-3,-1.6020459583303914
STN_0003,2025-10-19T11:00:00.000+08:00,0,-2.102790090357434
STN_0003,2025-10-19T12:00:00.000+08:00,-4,-1.9719398743429313
STN_0003,2025-10-19T13:00:00.000+08:00,-3,-3.421604346852856
STN_0003,2025-10-19T14:00:00.000+08:00,4,-2.3849546485091757
STN_0003,2025-10-19T15:00:00.000+08:00,-12,-2.898892683729761
STN_0003,2025-10-19T16:00:00.000+08:00,-2,-1.4795181494344862
STN_0003,2025-10-19T17:00:00.000+08:00,-1,-0.07207045779415888
STN_0003,2025-10-19T18:00:00.000+08:00,-2,-0.32095115361144533
STN_0003,2025-10-19T19:00:00.000+08:00,0,-1.058307650797975
STN_0003,2025-10-19T20:00:00.000+08:00,3,-0.72049315146961
STN_0003,2025-10-19T21:00:00.000+08:00,6,-0.7424643443223129
STN_0003,2025-10-19T22:00:00.000+08:00,4,2.420485788905255
STN_0003,2025-10-19T23:00:00.000+08:00,5,2.287551790393346
STN_0003,2025-10-20T00:00:00.000+08:00,-7,1.0370429496271587
STN_0003,2025-10-20T01:00:00.000+08:00,3,1.3127220044822927
STN_0003,2025-10-20T02:00:00.000+08:00,-6,-1.8407560242063798
STN_0003,2025-10-20T03:00:00.000+08:00,0,-0.2987239492383651
STN_0003,2025-10-20T04:00:00.000+08:00,0,1.0249071402395487
STN_0003,2025-10-20T05:00:00.000+08:00,2,-1.6376582376328486
STN_0003,2025-10-20T06:00:00.000+08:00,-6,-2.2163734887819935
STN_0003,2025-10-20T07:00:00.000+08:00,1,1.5405394168025417
STN_0003,2025-10-20T08:00:00.000+08:00,6,0.12550739159740587
STN_0003,2025-10-20T09:00:00.000+08:00,0,-0.35329779609912215
STN_0003,2025-10-20T10:00:00.000+08:00,5,-0.141541219929465
STN_0003,2025-10-20T11:00:00.000+08:00,-6,1.1028140721512578
STN_0003,2025-10-20T12:00:00.000+08:00,-2,0.218153713692673
STN_0003,2025-10-20T13:00:00.000+08:00,-1,-1.0734304311576497
STN_0003,2025-10-20T14:00:00.000+08:00,-1,-0.6765923682265891
STN_0003,2025-10-20T15:00:00.000+08:00,-1,-0.9224832218754505
STN_0003,2025-10-20T16:00:00.000+08:00,1,-0.21569499210204435
STN_0003,2025-10-20T17:00:00.000+08:00,-6,-0.3690309414280146
STN_0003,2025-10-20T18:00:00.000+08:00,2,-0.48122990606453353
STN_0003,2025-10-20T19:00:00.000+08:00,-8,-4.746945913005286
STN_0003,2025-10-20T20:00:00.000+08:00,-5,-8.986974077036207
STN_0003,2025-10-20T21:00:00.000+08:00,-1,-0.397617819808179
STN_0003,2025-10-20T22:00:00.000+08:00,1,-1.8239862701441414
STN_0003,2025-10-20T23:00:00.000+08:00,1,-0.7109793379642806
STN_0003,2025-10-21T00:00:00.000+08:00,-1,-0.9311188453969255
STN_0003,2025-10-21T01:00:00.000+08:00,-3,-1.3137104329985991
STN_0003,2025-10-21T02:00:00.000+08:00,5,0.23062862424146502
STN_0003,2025-10-21T03:00:00.000+08:00,-2,-0.5456149492118705
STN_0003,2025-10-21T04:00:00.000+08:00,10,2.440573690001223
STN_0003,2025-10-21T05:00:00.000+08:00,-2,-0.2041705872321895
STN_0003,2025-10-21T06:00:00.000+08:00,3,-0.41085214232670353
STN_0003,2025-10-21T07:00:00.000+08:00,5,-0.18340292161108884
STN_0003,2025-10-21T08:00:00.000+08:00,-1,0.011645867427833245
STN_0003,2025-10-21T09:00:00.000+08:00,1,1.0442187919880581
STN_0003,2025-10-21T10:00:00.000+08:00,4,0.4868350890941535
STN_0003,2025-10-21T11:00:00.000+08:00,0,0.1441448084925101
STN_0003,2025-10-21T12:00:00.000+08:00,-2,0.22248522460304843
STN_0003,2025-10-21T13:00:00.000+08:00,-2,-0.7254790854692326
STN_0003,2025-10-21T14:00:00.000+08:00,0,-0.5572010004814192
STN_0003,2025-10-21T15:00:00.000+08:00,-2,-0.3490504549709942
STN_0003,2025-10-21T16:00:00.000+08:00,1,0.05842897952393655
STN_0003,2025-10-21T17:00:00.000+08:00,-3,-0.36712828493460564
STN_0003,2025-10-21T18:00:00.000+08:00,-1,-0.7187019545667352
STN_0003,2025-10-21T19:00:00.000+08:00,-2,-4.076330662732476
STN_0003,2025-10-21T20:00:00.000+08:00,-12,-5.5229745358641456
STN_0003,2025-10-21T21:00:00.000+08:00,-11,-2.944291843503043
STN_0003,2025-10-21T22:00:00.000+08:00,1,-1.5102042960834972
STN_0003,2025-10-21T23:00:00.000+08:00,-6,-2.1962774635461955
STN_0003,2025-10-22T00:00:00.000+08:00,3,-2.401553685130395
STN_0003,2025-10-22T01:00:00.000+08:00,-1,-2.8130435368502624
STN_0003,2025-10-22T02:00:00.000+08:00,2,-1.5280479839863688
STN_0003,2025-10-22T03:00:00.000+08:00,-1,-0.7334720967405612
STN_0003,2025-10-22T04:00:00.000+08:00,-4,0.8183053766613497
STN_0003,2025-10-22T05:00:00.000+08:00,3,0.7621114113364662
STN_0003,2025-10-22T06:00:00.000+08:00,0,-0.4862623823751271
STN_0003,2025-10-22T07:00:00.000+08:00,2,-1.1824512216559384
STN_0003,2025-10-22T08:00:00.000+08:00,-3,-1.812720619666976
STN_0003,2025-10-22T09:00:00.000+08:00,-10,-1.0753472950467913
STN_0003,2025-10-22T10:00:00.000+08:00,12,0.3324270391149309
STN_0003,2025-10-22T11:00:00.000+08:00,0,-0.17078554486357778
STN_0003,2025-10-22T12:00:00.000+08:00,1,-0.15234893852307607
STN_0003,2025-10-22T13:00:00.000+08:00,0,-1.20501444611721
STN_0003,2025-10-22T14:00:00.000+08:00,0,-0.48592811528473123
STN_0003,2025-10-22T15:00:00.000+08:00,0,-0.5652758451812276
STN_0003,2025-10-22T16:00:00.000+08:00,0,-0.14497738096351265
STN_0003,2025-10-22T17:00:00.000+08:00,-2,0.16006525194012988
STN_0003,2025-10-22T18:00:00.000+08:00,2,-0.8335281939123607
STN_0003,2025-10-22T19:00:00.000+08:00,-6,-3.554137858130484
STN_0003,2025-10-22T20:00:00.000+08:00,-13,-9.925594755694812
STN_0003,2025-10-22T21:00:00.000+08:00,-4,-1.5235389371724395
STN_0003,2025-10-22T22:00:00.000+08:00,0,-1.487698845554002
STN_0003,2025-10-22T23:00:00.000+08:00,-6,-2.540941359830912
STN_0003,2025-10-23T00:00:00.000+08:00,0,-2.830746697229406
STN_0003,2025-10-23T01:00:00.000+08:00,0,-0.4290968789036107
STN_0003,2025-10-23T02:00:00.000+08:00,5,-0.9090166311482637
STN_0003,2025-10-23T03:00:00.000+08:00,-5,-1.35440791489839
STN_0003,2025-10-23T04:00:00.000+08:00,10,1.403338798850804
STN_0003,2025-10-23T05:00:00.000+08:00,0,2.1619938093785684
STN_0003,2025-10-23T06:00:00.000+08:00,-5,0.6289801368125474
STN_0003,2025-10-23T07:00:00.000+08:00,-4,0.8408608636101782
STN_0003,2025-10-23T08:00:00.000+08:00,5,-0.6991340581349661
STN_0003,2025-10-23T09:00:00.000+08:00,-3,-1.1214005291272322
STN_0003,2025-10-23T10:00:00.000+08:00,1,-0.3818504189101173
STN_0003,2025-10-23T11:00:00.000+08:00,3,-0.07962510592983207
STN_0003,2025-10-23T12:00:00.000+08:00,3,0.23408324082286214
STN_0003,2025-10-23T13:00:00.000+08:00,0,-0.7521050839098455
STN_0003,2025-10-23T14:00:00.000+08:00,-1,-0.8432049884948667
STN_0003,2025-10-23T15:00:00.000+08:00,0,-0.4952359874789578
STN_0003,2025-10-23T16:00:00.000+08:00,1,-0.03072295693666982
STN_0003,2025-10-23T17:00:00.000+08:00,-1,-0.0120999654988303
STN_0003,2025-10-23T18:00:00.000+08:00,-1,-0.44299252908501296
STN_0003,2025-10-23T19:00:00.000+08:00,-1,-3.273926896432795
STN_0003,2025-10-23T20:00:00.000+08:00,-5,-4.561350837353688
STN_0003,2025-10-23T21:00:00.000+08:00,-2,1.0405433016446501
STN_0003,2025-10-23T22:00:00.000+08:00,5,-0.23050770935122245
STN_0003,2025-10-23T23:00:00.000+08:00,-7,-0.5469311958853265
STN_0003,2025-10-24T00:00:00.000+08:00,-2,0.04131163779049629
STN_0003,2025-10-24T01:00:00.000+08:00,-1,-0.22416130954362856
STN_0003,2025-10-24T02:00:00.000+08:00,-1,0.15644365330562948
STN_0003,2025-10-24T03:00:00.000+08:00,-1,-0.17759483672247
STN_0003,2025-10-24T04:00:00.000+08:00,6,3.557249011235541
STN_0003,2025-10-24T05:00:00.000+08:00,2,2.682419848785898
STN_0003,2025-10-24T06:00:00.000+08:00,8,1.183372513955149
STN_0003,2025-10-24T07:00:00.000+08:00,1,0.4133869784242634
STN_0003,2025-10-24T08:00:00.000+08:00,-3,-1.8436286185592987
STN_0003,2025-10-24T09:00:00.000+08:00,3,0.3902415084444133
STN_0003,2025-10-24T10:00:00.000+08:00,1,-0.4299367780678782
STN_0003,2025-10-24T11:00:00.000+08:00,-2,0.14410151407638594
STN_0003,2025-10-24T12:00:00.000+08:00,-2,-2.1112358252103123
STN_0003,2025-10-24T13:00:00.000+08:00,-2,-1.4028231815024528
STN_0003,2025-10-24T14:00:00.000+08:00,-5,-2.466264643678193
STN_0003,2025-10-24T15:00:00.000+08:00,-2,-2.3567786567571596
STN_0003,2025-10-24T16:00:00.000+08:00,0,-0.7847094800404777
STN_0003,2025-10-24T17:00:00.000+08:00,1,-0.10841229762396476
STN_0003,2025-10-24T18:00:00.000+08:00,-1,-0.18830072078180526
STN_0003,2025-10-24T19:00:00.000+08:00,3,-3.232570305268658
STN_0003,2025-10-24T20:00:00.000+08:00,-9,-3.5352754600370613
STN_0003,2025-10-24T21:00:00.000+08:00,-3,-0.44434118659375166
STN_0003,2025-10-24T22:00:00.000+08:00,-1,-1.9744134247060305
STN_0003,2025-10-24T23:00:00.000+08:00,-5,-1.5902643508054126
STN_0003,2025-10-25T00:00:00.000+08:00,-4,-1.398722662160873
STN_0003,2025-10-25T01:00:00.000+08:00,4,-0.6922140507434573
STN_0003,2025-10-25T02:00:00.000+08:00,-1,-1.4836675065072882
STN_0003,2025-10-25T03:00:00.000+08:00,7,1.0451494329471185
STN_0003,2025-10-25T04:00:00.000+08:00,-5,1.1018595843207493
STN_0003,2025-10-25T05:00:00.000+08:00,7,1.5105274338089458
STN_0003,2025-10-25T06:00:00.000+08:00,-9,0.21119652958456214
STN_0003,2025-10-25T07:00:00.000+08:00,12,1.704722271359909
STN_0003,2025-10-25T08:00:00.000+08:00,4,0.004903816199259836
STN_0003,2025-10-25T09:00:00.000+08:00,-2,-0.801208730731684
STN_0003,2025-10-25T10:00:00.000+08:00,3,-0.2698031790961277
STN_0003,2025-10-25T11:00:00.000+08:00,0,-0.9220459354919761
STN_0003,2025-10-25T12:00:00.000+08:00,-2,-1.9290812374590551
STN_0003,2025-10-25T13:00:00.000+08:00,1,-2.6792711174824895
STN_0003,2025-10-25T14:00:00.000+08:00,-3,-3.0636160719529917
STN_0003,2025-10-25T15:00:00.000+08:00,-10,-4.634612102959956
STN_0003,2025-10-25T16:00:00.000+08:00,-2,-3.5120515191330672
STN_0003,2025-10-25T17:00:00.000+08:00,0,-0.23408158934620316
STN_0003,2025-10-25T18:00:00.000+08:00,1,-0.28725506958239366
STN_0003,2025-10-25T19:00:00.000+08:00,0,-0.5797460788384718
STN_0003,2025-10-25T20:00:00.000+08:00,-2,-0.8323282024214103
STN_0003,2025-10-25T21:00:00.000+08:00,-3,-1.7930449689055479
STN_0003,2025-10-25T22:00:00.000+08:00,-2,-2.8356632722255037
STN_0003,2025-10-25T23:00:00.000+08:00,2,-0.3035642939704708
STN_0003,2025-10-26T00:00:00.000+08:00,-1,-1.9834795971653936
STN_0003,2025-10-26T01:00:00.000+08:00,4,0.019502498400770563
STN_0003,2025-10-26T02:00:00.000+08:00,-10,-1.2733932677192286
STN_0003,2025-10-26T03:00:00.000+08:00,-2,1.0044022251887696
STN_0003,2025-10-26T04:00:00.000+08:00,0,0.6093144840293618
STN_0003,2025-10-26T05:00:00.000+08:00,1,-1.9767167962280823
STN_0003,2025-10-26T06:00:00.000+08:00,-6,-2.530708619919011
STN_0003,2025-10-26T07:00:00.000+08:00,3,0.5674139767516522
STN_0003,2025-10-26T08:00:00.000+08:00,3,-1.0390219773573897
STN_0003,2025-10-26T09:00:00.000+08:00,-5,-2.049425736043837
STN_0003,2025-10-26T10:00:00.000+08:00,-2,-1.6015224283404272
STN_0003,2025-10-26T11:00:00.000+08:00,7,-1.4428778203896702
STN_0003,2025-10-26T12:00:00.000+08:00,-2,-2.2673478482165086
STN_0003,2025-10-26T13:00:00.000+08:00,-1,-2.3767163343163356
STN_0003,2025-10-26T14:00:00.000+08:00,0,-3.1549576022482393
STN_0003,2025-10-26T15:00:00.000+08:00,-4,-3.312864961207702
STN_0003,2025-10-26T16:00:00.000+08:00,-1,-3.598813566232616
STN_0003,2025-10-26T17:00:00.000+08:00,0,-0.41901127739933774
STN_0003,2025-10-26T18:00:00.000+08:00,-1,-0.25685131789478777
STN_0003,2025-10-26T19:00:00.000+08:00,-2,-0.9678980408041118
STN_0003,2025-10-26T20:00:00.000+08:00,-2,0.3772618393769558
STN_0003,2025-10-26T21:00:00.000+08:00,-1,-2.4063555218380994
STN_0003,2025-10-26T22:00:00.000+08:00,-1,-2.229056796243648
STN_0003,2025-10-26T23:00:00.000+08:00,-7,-0.6646040886198321
STN_0003,2025-10-27T00:00:00.000+08:00,9,-0.10215642953738246
STN_0003,2025-10-27T01:00:00.000+08:00,-3,-2.3088200294468546
STN_0003,2025-10-27T02:00:00.000+08:00,5,0.0144793718135805
STN_0003,2025-10-27T03:00:00.000+08:00,-6,-0.4084147175708246
STN_0003,2025-10-27T04:00:00.000+08:00,-5,-0.4632987971399487
STN_0003,2025-10-27T05:00:00.000+08:00,2,0.5612017791640262
STN_0003,2025-10-27T06:00:00.000+08:00,-3,0.964898021741039
STN_0003,2025-10-27T07:00:00.000+08:00,1,0.1883600743297169
STN_0003,2025-10-27T08:00:00.000+08:00,7,-0.47970064014920055
STN_0003,2025-10-27T09:00:00.000+08:00,8,0.0534083538168284
STN_0003,2025-10-27T10:00:00.000+08:00,1,0.16457639027591853
STN_0003,2025-10-27T11:00:00.000+08:00,1,0.6359372692860426
STN_0003,2025-10-27T12:00:00.000+08:00,0,0.23036082190793872
STN_0003,2025-10-27T13:00:00.000+08:00,-1,-0.48014905076013736
STN_0003,2025-10-27T14:00:00.000+08:00,1,-0.38656280888193306
STN_0003,2025-10-27T15:00:00.000+08:00,0,-0.20948792474680167
STN_0003,2025-10-27T16:00:00.000+08:00,0,0.08664233751450523
STN_0003,2025-10-27T17:00:00.000+08:00,-1,-0.06271422080724531
STN_0003,2025-10-27T18:00:00.000+08:00,-5,-1.1126063906678645
STN_0003,2025-10-27T19:00:00.000+08:00,-3,-3.9804774434542334
STN_0003,2025-10-27T20:00:00.000+08:00,-3,-6.7352797016864265
STN_0003,2025-10-27T21:00:00.000+08:00,5,-0.2181892345932468
STN_0003,2025-10-27T22:00:00.000+08:00,-1,-1.450320553786236
STN_0003,2025-10-27T23:00:00.000+08:00,-6,-0.09074944520584793
STN_0003,2025-10-28T00:00:00.000+08:00,3,-0.06409116330888232
STN_0003,2025-10-28T01:00:00.000+08:00,6,0.5269128499072568
STN_0003,2025-10-28T02:00:00.000+08:00,-6,0.6853846131853469
STN_0003,2025-10-28T03:00:00.000+08:00,1,0.8227028865986696
STN_0003,2025-10-28T04:00:00.000+08:00,2,3.151669834759911
STN_0003,2025-10-28T05:00:00.000+08:00,3,2.06799884569768
STN_0003,2025-10-28T06:00:00.000+08:00,8,0.7727322662329605
STN_0003,2025-10-28T07:00:00.000+08:00,-5,-0.3267609603982571
STN_0003,2025-10-28T08:00:00.000+08:00,4,-0.43640472967953414
STN_0003,2025-10-28T09:00:00.000+08:00,-3,-0.3103677171452297
STN_0003,2025-10-28T10:00:00.000+08:00,3,1.5611952087043797
STN_0003,2025-10-28T11:00:00.000+08:00,2,0.16939560982592283
STN_0003,2025-10-28T12:00:00.000+08:00,0,-0.42444612335960086
STN_0003,2025-10-28T13:00:00.000+08:00,-1,-0.9888773276000467
STN_0003,2025-10-28T14:00:00.000+08:00,0,-0.47199689677296286
STN_0003,2025-10-28T15:00:00.000+08:00,-3,-0.49465921220185505
STN_0003,2025-10-28T16:00:00.000+08:00,0,-0.07224690797437228
STN_0003,2025-10-28T17:00:00.000+08:00,-1,-0.1871108989413508
STN_0003,2025-10-28T18:00:00.000+08:00,1,-0.8956678339028037
STN_0003,2025-10-28T19:00:00.000+08:00,-5,-4.835730233287274
STN_0003,2025-10-28T20:00:00.000+08:00,-12,-11.434247569363519
STN_0003,2025-10-28T21:00:00.000+08:00,-3,-1.5098805990987128
STN_0003,2025-10-28T22:00:00.000+08:00,7,-1.4492807630647846
STN_0003,2025-10-28T23:00:00.000+08:00,0,-1.5444580564293062
STN_0003,2025-10-29T00:00:00.000+08:00,0,-0.870242708135418
STN_0003,2025-10-29T01:00:00.000+08:00,-6,-1.5044399616205233
STN_0003,2025-10-29T02:00:00.000+08:00,-10,-1.7039130581119704
STN_0003,2025-10-29T03:00:00.000+08:00,0,-0.12430621320767088
STN_0003,2025-10-29T04:00:00.000+08:00,9,1.159504000034378
STN_0003,2025-10-29T05:00:00.000+08:00,8,2.883741750592506
STN_0003,2025-10-29T06:00:00.000+08:00,1,0.012092508522520973
STN_0003,2025-10-29T07:00:00.000+08:00,1,1.1561615666566318
STN_0003,2025-10-29T08:00:00.000+08:00,-5,-0.28140772878626485
STN_0003,2025-10-29T09:00:00.000+08:00,4,0.8153150376435114
STN_0003,2025-10-29T10:00:00.000+08:00,0,-0.6726465165567088
STN_0003,2025-10-29T11:00:00.000+08:00,2,-0.47369152596138075
STN_0003,2025-10-29T12:00:00.000+08:00,-1,-0.32787598249294536
STN_0003,2025-10-29T13:00:00.000+08:00,-1,-1.024541755392952
STN_0003,2025-10-29T14:00:00.000+08:00,-1,-0.9081988070499367
STN_0003,2025-10-29T15:00:00.000+08:00,2,-0.5943341164868797
STN_0003,2025-10-29T16:00:00.000+08:00,0,-0.17935025029304075
STN_0003,2025-10-29T17:00:00.000+08:00,1,0.2387845271148652
STN_0003,2025-10-29T18:00:00.000+08:00,-4,-0.9285014053003935
STN_0003,2025-10-29T19:00:00.000+08:00,-2,-3.667027534030833
STN_0003,2025-10-29T20:00:00.000+08:00,-3,-5.406149689809073
STN_0003,2025-10-29T21:00:00.000+08:00,-10,-0.6999303046798406
STN_0003,2025-10-29T22:00:00.000+08:00,1,-0.8166635517717289
STN_0003,2025-10-29T23:00:00.000+08:00,-3,-2.044227190687332
STN_0003,2025-10-30T00:00:00.000+08:00,3,-1.663714908996912
STN_0003,2025-10-30T01:00:00.000+08:00,0,-0.7181562392798195
STN_0003,2025-10-30T02:00:00.000+08:00,-3,-1.233092665900143
STN_0003,2025-10-30T03:00:00.000+08:00,4,0.9580250211396564
STN_0003,2025-10-30T04:00:00.000+08:00,0,3.283519094236489
STN_0003,2025-10-30T05:00:00.000+08:00,11,4.674988873017703
STN_0003,2025-10-30T06:00:00.000+08:00,1,0.8327732657907596
STN_0003,2025-10-30T07:00:00.000+08:00,-10,1.0980371486684888
STN_0003,2025-10-30T08:00:00.000+08:00,5,1.0712845396896995
STN_0003,2025-10-30T09:00:00.000+08:00,1,-0.29101300258418306
STN_0003,2025-10-30T10:00:00.000+08:00,-3,-0.6118238383727039
STN_0003,2025-10-30T11:00:00.000+08:00,2,-0.7088963132536286
STN_0003,2025-10-30T12:00:00.000+08:00,-3,0.1650754313183116
STN_0003,2025-10-30T13:00:00.000+08:00,2,-0.641125977072492
STN_0003,2025-10-30T14:00:00.000+08:00,-3,-1.443441603620278
STN_0003,2025-10-30T15:00:00.000+08:00,0,-0.43476876066810033
STN_0003,2025-10-30T16:00:00.000+08:00,0,-0.15920584667229543
STN_0003,2025-10-30T17:00:00.000+08:00,1,0.011263820498914279
STN_0003,2025-10-30T18:00:00.000+08:00,-6,-1.0530736091043136
STN_0003,2025-10-30T19:00:00.000+08:00,-1,-4.3485544807668886
STN_0003,2025-10-30T20:00:00.000+08:00,-5,-7.037409101930736
STN_0003,2025-10-30T21:00:00.000+08:00,-2,-0.024951430630157034
STN_0003,2025-10-30T22:00:00.000+08:00,-1,-1.0823440095385788
STN_0003,2025-10-30T23:00:00.000+08:00,-1,-1.6019617402337918
STN_0003,2025-10-31T00:00:00.000+08:00,6,0.051930439354446634
STN_0003,2025-10-31T01:00:00.000+08:00,2,-0.596845668695325
STN_0003,2025-10-31T02:00:00.000+08:00,-7,0.40377438610356897
STN_0003,2025-10-31T03:00:00.000+08:00,4,1.3917674225461756
STN_0003,2025-10-31T04:00:00.000+08:00,2,1.651831070410143
STN_0003,2025-10-31T05:00:00.000+08:00,3,1.2808345425391305
STN_0003,2025-10-31T06:00:00.000+08:00,2,0.21729733041111565
STN_0003,2025-10-31T07:00:00.000+08:00,1,0.48040105337283556
STN_0003,2025-10-31T08:00:00.000+08:00,0,0.3609516278279621
STN_0003,2025-10-31T09:00:00.000+08:00,0,0.061096203478241407
STN_0003,2025-10-31T10:00:00.000+08:00,0,0.61959771984022
STN_0003,2025-10-31T11:00:00.000+08:00,0,0.7737733923013268
STN_0003,2025-10-31T12:00:00.000+08:00,0,-0.024202700034713587
STN_0003,2025-10-31T13:00:00.000+08:00,-9,-1.6668783937689167
STN_0003,2025-10-31T14:00:00.000+08:00,-4,-1.9156412899126698
STN_0003,2025-10-31T15:00:00.000+08:00,0,-2.2120595549612285
STN_0003,2025-10-31T16:00:00.000+08:00,0,-1.7256429292163724
STN_0003,2025-10-31T17:00:00.000+08:00,-1,-0.22745175105809612
STN_0003,2025-10-31T18:00:00.000+08:00,0,-0.013270561523044844
STN_0003,2025-10-31T19:00:00.000+08:00,-1,-2.396563278879997
STN_0003,2025-10-31T20:00:00.000+08:00,5,-0.9217435927187045
STN_0003,2025-10-31T21:00:00.000+08:00,-5,-2.1730081366123404
STN_0003,2025-10-31T22:00:00.000+08:00,-5,-0.8480861448618917
STN_0003,2025-10-31T23:00:00.000+08:00,-1,-0.6787836350504959
STN_0003,2025-11-01T00:00:00.000+08:00,4,-0.252792689148877
STN_0003,2025-11-01T01:00:00.000+08:00,1,-0.037227785206233044
STN_0003,2025-11-01T02:00:00.000+08:00,-1,-0.3346433187345399
STN_0003,2025-11-01T03:00:00.000+08:00,3,0.2006631190244237
STN_0003,2025-11-01T04:00:00.000+08:00,2,1.3859142956277353
STN_0003,2025-11-01T05:00:00.000+08:00,8,1.7659365693872946
STN_0003,2025-11-01T06:00:00.000+08:00,2,1.2406917200406085
STN_0003,2025-11-01T07:00:00.000+08:00,2,2.6467797943968527
STN_0003,2025-11-01T08:00:00.000+08:00,-2,0.678919444013772
STN_0003,2025-11-01T09:00:00.000+08:00,-1,0.7839419980129225
STN_0003,2025-11-01T10:00:00.000+08:00,3,-0.16194051278657717
STN_0003,2025-11-01T11:00:00.000+08:00,-1,-0.5477770860535829
STN_0003,2025-11-01T12:00:00.000+08:00,-5,0.33339568006214026
STN_0003,2025-11-01T13:00:00.000+08:00,0,-1.543851779856916
STN_0003,2025-11-01T14:00:00.000+08:00,-16,-3.968326579920543
STN_0003,2025-11-01T15:00:00.000+08:00,0,-3.5107790755327404
STN_0003,2025-11-01T16:00:00.000+08:00,-9,-6.16285366710804
STN_0003,2025-11-01T17:00:00.000+08:00,0,-1.8776647379604894
STN_0003,2025-11-01T18:00:00.000+08:00,0,-1.104118521093893
STN_0003,2025-11-01T19:00:00.000+08:00,2,-0.5937880290212945
STN_0003,2025-11-01T20:00:00.000+08:00,-5,-0.6656426186795952
STN_0003,2025-11-01T21:00:00.000+08:00,5,-2.0136256375742017
STN_0003,2025-11-01T22:00:00.000+08:00,1,0.3211279066059589
STN_0003,2025-11-01T23:00:00.000+08:00,-1,-0.40223748370819656
STN_0003,2025-11-02T00:00:00.000+08:00,-6,-0.26592740396643144
STN_0003,2025-11-02T01:00:00.000+08:00,9,-0.06661947273152968
STN_0003,2025-11-02T02:00:00.000+08:00,0,0.942166638230514
STN_0003,2025-11-02T03:00:00.000+08:00,-6,0.6467678312886598
STN_0003,2025-11-02T04:00:00.000+08:00,-6,0.12542448572548182
STN_0003,2025-11-02T05:00:00.000+08:00,-11,-1.6886555192115082
STN_0003,2025-11-02T06:00:00.000+08:00,3,-0.877290884617409
STN_0003,2025-11-02T07:00:00.000+08:00,10,1.1855662859885285
STN_0003,2025-11-02T08:00:00.000+08:00,-2,-1.989963824695522
STN_0003,2025-11-02T09:00:00.000+08:00,3,0.14062194916870752
STN_0003,2025-11-02T10:00:00.000+08:00,6,-1.2970529115476168
STN_0003,2025-11-02T11:00:00.000+08:00,3,-0.8824824513920824
STN_0003,2025-11-02T12:00:00.000+08:00,-2,-1.8948180354665158
STN_0003,2025-11-02T13:00:00.000+08:00,-4,-1.8562621201970213
STN_0003,2025-11-02T14:00:00.000+08:00,-7,-1.4585305952808403
STN_0003,2025-11-02T15:00:00.000+08:00,1,-2.158350652531668
STN_0003,2025-11-02T16:00:00.000+08:00,-8,-3.7666466632870934
STN_0003,2025-11-02T17:00:00.000+08:00,1,-1.5292640925834284
STN_0003,2025-11-02T18:00:00.000+08:00,0,-0.11289505098399322
STN_0003,2025-11-02T19:00:00.000+08:00,1,-1.0053580298606257
STN_0003,2025-11-02T20:00:00.000+08:00,-4,-0.848501397372843
STN_0003,2025-11-02T21:00:00.000+08:00,-1,-2.180751079508765
STN_0003,2025-11-02T22:00:00.000+08:00,0,-2.0741026461152705
STN_0003,2025-11-02T23:00:00.000+08:00,0,-0.9730557044705517
STN_0003,2025-11-03T00:00:00.000+08:00,3,0.6393043617702414
STN_0003,2025-11-03T01:00:00.000+08:00,-7,-0.8860359043309156
STN_0003,2025-11-03T02:00:00.000+08:00,6,-0.46425000352841117
STN_0003,2025-11-03T03:00:00.000+08:00,-4,-2.3309100120734545
STN_0003,2025-11-03T04:00:00.000+08:00,2,0.6389116776080535
STN_0003,2025-11-03T05:00:00.000+08:00,5,1.4982147499757197
STN_0003,2025-11-03T06:00:00.000+08:00,-3,2.492142044196118
STN_0003,2025-11-03T07:00:00.000+08:00,-1,1.492715260193929
STN_0003,2025-11-03T08:00:00.000+08:00,-3,0.7321507927971478
STN_0003,2025-11-03T09:00:00.000+08:00,-3,0.6597737977979747
STN_0003,2025-11-03T10:00:00.000+08:00,4,-0.10604979612524801
STN_0003,2025-11-03T11:00:00.000+08:00,2,0.03131414790274967
STN_0003,2025-11-03T12:00:00.000+08:00,2,-0.06227059367041843
STN_0003,2025-11-03T13:00:00.000+08:00,0,-0.22129042156478151
STN_0003,2025-11-03T14:00:00.000+08:00,-3,-1.0866183854600995
STN_0003,2025-11-03T15:00:00.000+08:00,-3,-0.6327145037173099
STN_0003,2025-11-03T16:00:00.000+08:00,2,-0.5810187552878898
STN_0003,2025-11-03T17:00:00.000+08:00,1,-0.3518860998432777
STN_0003,2025-11-03T18:00:00.000+08:00,0,-0.08995851223409423
STN_0003,2025-11-03T19:00:00.000+08:00,0,-0.6592728750254331
STN_0003,2025-11-03T20:00:00.000+08:00,-4,-2.7655669585237974
STN_0003,2025-11-03T21:00:00.000+08:00,-12,-6.454670656332755
STN_0003,2025-11-03T22:00:00.000+08:00,-5,-0.8332603539648424
STN_0003,2025-11-03T23:00:00.000+08:00,7,-1.3726481725844746
STN_0003,2025-11-04T00:00:00.000+08:00,-5,-0.9590504244816742
STN_0003,2025-11-04T01:00:00.000+08:00,-3,-2.8047928987647666
STN_0003,2025-11-04T02:00:00.000+08:00,-1,-1.5097823798466283
STN_0003,2025-11-04T03:00:00.000+08:00,2,0.18436202212339659
STN_0003,2025-11-04T04:00:00.000+08:00,1,0.6360229765499223
STN_0003,2025-11-04T05:00:00.000+08:00,-2,1.5181615910714417
STN_0003,2025-11-04T06:00:00.000+08:00,-3,1.683052379340305
STN_0003,2025-11-04T07:00:00.000+08:00,4,0.6924771589341745
STN_0003,2025-11-04T08:00:00.000+08:00,0,-0.6245091366249103
STN_0003,2025-11-04T09:00:00.000+08:00,0,-0.5069876284366774
STN_0003,2025-11-04T10:00:00.000+08:00,-1,-0.16833208732729954
STN_0003,2025-11-04T11:00:00.000+08:00,-1,-1.3796125099684948
STN_0003,2025-11-04T12:00:00.000+08:00,1,0.7273119132317758
STN_0003,2025-11-04T13:00:00.000+08:00,-2,0.04835677306966657
STN_0003,2025-11-04T14:00:00.000+08:00,-1,-0.3951992491960541
STN_0003,2025-11-04T15:00:00.000+08:00,0,-0.49706826807377924
STN_0003,2025-11-04T16:00:00.000+08:00,0,-0.39903071341711793
STN_0003,2025-11-04T17:00:00.000+08:00,-1,-0.13191894979361857
STN_0003,2025-11-04T18:00:00.000+08:00,2,-0.11465437280036095
STN_0003,2025-11-04T19:00:00.000+08:00,-4,-1.6197523436692738
STN_0003,2025-11-04T20:00:00.000+08:00,-5,-4.314820929062911
STN_0003,2025-11-04T21:00:00.000+08:00,-8,-8.610774295485772
STN_0003,2025-11-04T22:00:00.000+08:00,-1,-1.1327484907406866
STN_0003,2025-11-04T23:00:00.000+08:00,2,-2.0738554775839315
STN_0003,2025-11-05T00:00:00.000+08:00,-1,-0.8750735558082514
STN_0003,2025-11-05T01:00:00.000+08:00,8,0.145797016667375
STN_0003,2025-11-05T02:00:00.000+08:00,-7,-1.1258859698680244
STN_0003,2025-11-05T03:00:00.000+08:00,2,-0.3867147899230048
STN_0003,2025-11-05T04:00:00.000+08:00,5,0.605402322206503
STN_0003,2025-11-05T05:00:00.000+08:00,10,3.1053615207763023
STN_0003,2025-11-05T06:00:00.000+08:00,1,4.676676394344277
STN_0003,2025-11-05T07:00:00.000+08:00,-1,1.6964398836014034
STN_0003,2025-11-05T08:00:00.000+08:00,2,0.7569542859726219
STN_0003,2025-11-05T09:00:00.000+08:00,1,-0.6169522184348093
STN_0003,2025-11-05T10:00:00.000+08:00,-2,-0.5312433981587006
STN_0003,2025-11-05T11:00:00.000+08:00,0,0.036054340428181675
STN_0003,2025-11-05T12:00:00.000+08:00,2,-1.003452398992529
STN_0003,2025-11-05T13:00:00.000+08:00,-1,-0.5696013878865998
STN_0003,2025-11-05T14:00:00.000+08:00,2,-1.1866476574977796
STN_0003,2025-11-05T15:00:00.000+08:00,0,-0.8473593976641605
STN_0003,2025-11-05T16:00:00.000+08:00,0,-0.39557845989491947
STN_0003,2025-11-05T17:00:00.000+08:00,0,-0.08269791843042174
STN_0003,2025-11-05T18:00:00.000+08:00,0,-0.019144595938825892
STN_0003,2025-11-05T19:00:00.000+08:00,-2,-0.20446435417501396
STN_0003,2025-11-05T20:00:00.000+08:00,-9,-5.580644891690442
STN_0003,2025-11-05T21:00:00.000+08:00,-8,-9.530137462861116
STN_0003,2025-11-05T22:00:00.000+08:00,6,0.038943054987855774
STN_0003,2025-11-05T23:00:00.000+08:00,-8,-1.1227290729484984
STN_0003,2025-11-06T00:00:00.000+08:00,1,-0.6666581240758536
STN_0003,2025-11-06T01:00:00.000+08:00,1,-0.41481500469384436
STN_0003,2025-11-06T02:00:00.000+08:00,0,-0.1705920240669787
STN_0003,2025-11-06T03:00:00.000+08:00,8,1.01044876238843
STN_0003,2025-11-06T04:00:00.000+08:00,-8,0.22260788280718025
STN_0003,2025-11-06T05:00:00.000+08:00,4,1.0463654529800053
STN_0003,2025-11-06T06:00:00.000+08:00,1,0.4952097593477056
STN_0003,2025-11-06T07:00:00.000+08:00,1,-0.25413589106465295
STN_0003,2025-11-06T08:00:00.000+08:00,6,-0.6322146233992552
STN_0003,2025-11-06T09:00:00.000+08:00,-1,-0.0985596766810879
STN_0003,2025-11-06T10:00:00.000+08:00,2,-0.5265496929269204
STN_0003,2025-11-06T11:00:00.000+08:00,-1,-0.2080618627711157
STN_0003,2025-11-06T12:00:00.000+08:00,9,-0.496583236591853
STN_0003,2025-11-06T13:00:00.000+08:00,0,-0.6249208437123253
STN_0003,2025-11-06T14:00:00.000+08:00,-2,-0.39011554006719695
STN_0003,2025-11-06T15:00:00.000+08:00,1,-0.1815772307577841
STN_0003,2025-11-06T16:00:00.000+08:00,0,-0.27690625150542514
STN_0003,2025-11-06T17:00:00.000+08:00,0,0.2522451405944225
STN_0003,2025-11-06T18:00:00.000+08:00,1,-0.09809110694670825
STN_0003,2025-11-06T19:00:00.000+08:00,-3,-1.0365107256900021
STN_0003,2025-11-06T20:00:00.000+08:00,-2,-3.3319545303674616
STN_0003,2025-11-06T21:00:00.000+08:00,-9,-8.744343672922097
STN_0003,2025-11-06T22:00:00.000+08:00,-8,-0.43151526967004017
STN_0003,2025-11-06T23:00:00.000+08:00,0,-1.1139507680422351
STN_0003,2025-11-07T00:00:00.000+08:00,0,-2.0546391379678948
STN_0003,2025-11-07T01:00:00.000+08:00,-1,-1.3837136248929074
STN_0003,2025-11-07T02:00:00.000+08:00,3,-0.9621839465689312
STN_0003,2025-11-07T03:00:00.000+08:00,5,0.1359030392068732
STN_0003,2025-11-07T04:00:00.000+08:00,-2,-0.28659256914046694
STN_0003,2025-11-07T05:00:00.000+08:00,11,5.009314358786035
STN_0003,2025-11-07T06:00:00.000+08:00,5,4.196995551098922
STN_0003,2025-11-07T07:00:00.000+08:00,-1,2.1511495250259536
STN_0003,2025-11-07T08:00:00.000+08:00,0,1.5295194455038228
STN_0003,2025-11-07T09:00:00.000+08:00,-4,-0.9971410473277214
STN_0003,2025-11-07T10:00:00.000+08:00,-2,0.12541432429671673
STN_0003,2025-11-07T11:00:00.000+08:00,3,-0.5561658887626919
STN_0003,2025-11-07T12:00:00.000+08:00,2,-0.9190300873662203
STN_0003,2025-11-07T13:00:00.000+08:00,2,-0.34482264602846424
STN_0003,2025-11-07T14:00:00.000+08:00,-10,-0.7395079966316045
STN_0003,2025-11-07T15:00:00.000+08:00,-4,-1.8657958674705548
STN_0003,2025-11-07T16:00:00.000+08:00,-7,-0.9715568931076253
STN_0003,2025-11-07T17:00:00.000+08:00,-1,-0.16009361321260318
STN_0003,2025-11-07T18:00:00.000+08:00,2,-0.11141162261962245
STN_0003,2025-11-07T19:00:00.000+08:00,-1,-0.9252627701926204
STN_0003,2025-11-07T20:00:00.000+08:00,0,-4.3273511317824855
STN_0003,2025-11-07T21:00:00.000+08:00,-2,-2.3515313356521217
STN_0003,2025-11-07T22:00:00.000+08:00,-5,-0.625385630570273
STN_0003,2025-11-07T23:00:00.000+08:00,-11,-3.395060550723832
STN_0003,2025-11-08T00:00:00.000+08:00,-3,-2.613919510909078
STN_0003,2025-11-08T01:00:00.000+08:00,4,-2.7253886121801454
STN_0003,2025-11-08T02:00:00.000+08:00,0,-2.1163664724284796
STN_0003,2025-11-08T03:00:00.000+08:00,-1,-0.8869754003441646
STN_0003,2025-11-08T04:00:00.000+08:00,0,-0.4452418269346108
STN_0003,2025-11-08T05:00:00.000+08:00,0,-0.8007450337987017
STN_0003,2025-11-08T06:00:00.000+08:00,3,1.6776079042356287
STN_0003,2025-11-08T07:00:00.000+08:00,1,0.9104687305560777
STN_0003,2025-11-08T08:00:00.000+08:00,-5,-0.06426610327365623
STN_0003,2025-11-08T09:00:00.000+08:00,-1,-0.4662571415461372
STN_0003,2025-11-08T10:00:00.000+08:00,6,-1.189691297809338
STN_0003,2025-11-08T11:00:00.000+08:00,0,-2.040054605181174
STN_0003,2025-11-08T12:00:00.000+08:00,-6,-2.138016619395575
STN_0003,2025-11-08T13:00:00.000+08:00,0,-0.4652013500148229
STN_0003,2025-11-08T14:00:00.000+08:00,-15,-2.1313762868159696
STN_0003,2025-11-08T15:00:00.000+08:00,1,-1.9599987441967368
STN_0003,2025-11-08T16:00:00.000+08:00,-2,-2.486136936799658
STN_0003,2025-11-08T17:00:00.000+08:00,0,-1.1053066733962504
STN_0003,2025-11-08T18:00:00.000+08:00,0,-0.2672974868395024
STN_0003,2025-11-08T19:00:00.000+08:00,-4,-0.22804543979872283
STN_0003,2025-11-08T20:00:00.000+08:00,1,-2.4936121351394798
STN_0003,2025-11-08T21:00:00.000+08:00,-1,-0.6625112730353337
STN_0003,2025-11-08T22:00:00.000+08:00,1,-2.0392477391062043
STN_0003,2025-11-08T23:00:00.000+08:00,-9,-3.576280287540931
STN_0003,2025-11-09T00:00:00.000+08:00,2,-0.9897046458894394
STN_0003,2025-11-09T01:00:00.000+08:00,4,-1.0347707994249795
STN_0003,2025-11-09T02:00:00.000+08:00,4,-0.14660909114695997
STN_0003,2025-11-09T03:00:00.000+08:00,-4,-0.5330936304812433
STN_0003,2025-11-09T04:00:00.000+08:00,-5,-0.3151005461413128
STN_0003,2025-11-09T05:00:00.000+08:00,-4,1.5539728012649796
STN_0003,2025-11-09T06:00:00.000+08:00,-7,-0.15973941152424942
STN_0003,2025-11-09T07:00:00.000+08:00,10,0.87775303863679
STN_0003,2025-11-09T08:00:00.000+08:00,0,0.2357487509317231
STN_0003,2025-11-09T09:00:00.000+08:00,5,-1.0433973888810542
STN_0003,2025-11-09T10:00:00.000+08:00,-1,-1.1916685988211277
STN_0003,2025-11-09T11:00:00.000+08:00,-4,-0.6253843019669123
STN_0003,2025-11-09T12:00:00.000+08:00,-1,-1.849203083185822
STN_0003,2025-11-09T13:00:00.000+08:00,2,-2.4536079858118356
STN_0003,2025-11-09T14:00:00.000+08:00,1,-1.3990267434397792
STN_0003,2025-11-09T15:00:00.000+08:00,-4,-3.353032792126182
STN_0003,2025-11-09T16:00:00.000+08:00,-6,-2.2261182566236752
STN_0003,2025-11-09T17:00:00.000+08:00,0,-0.14737235333526355
STN_0003,2025-11-09T18:00:00.000+08:00,-1,0.043209126580502355
STN_0003,2025-11-09T19:00:00.000+08:00,-1,-0.1381589456924246
STN_0003,2025-11-09T20:00:00.000+08:00,0,-0.21519075359959783
STN_0003,2025-11-09T21:00:00.000+08:00,1,-0.6908881888221039
STN_0003,2025-11-09T22:00:00.000+08:00,-1,-1.5979861254182097
STN_0003,2025-11-09T23:00:00.000+08:00,2,-1.0450388317880819
STN_0003,2025-11-10T00:00:00.000+08:00,-2,-1.1340258040430964
STN_0003,2025-11-10T01:00:00.000+08:00,-4,0.12783695061600042
STN_0003,2025-11-10T02:00:00.000+08:00,-1,-0.3046482919743987
STN_0003,2025-11-10T03:00:00.000+08:00,5,-0.3716095794328922
STN_0003,2025-11-10T04:00:00.000+08:00,-1,-0.1872000415338242
STN_0003,2025-11-10T05:00:00.000+08:00,-1,1.0306162334166498
STN_0003,2025-11-10T06:00:00.000+08:00,0,1.2702588644086497
STN_0003,2025-11-10T07:00:00.000+08:00,1,1.6367408766881537
STN_0003,2025-11-10T08:00:00.000+08:00,2,0.6540031770439576
STN_0003,2025-11-10T09:00:00.000+08:00,-3,0.2465011939114925
STN_0003,2025-11-10T10:00:00.000+08:00,-1,0.12759747550075318
STN_0003,2025-11-10T11:00:00.000+08:00,-1,0.4920924009856771
STN_0003,2025-11-10T12:00:00.000+08:00,-1,0.2932969648926387
STN_0003,2025-11-10T13:00:00.000+08:00,0,-0.033867435358514886
STN_0003,2025-11-10T14:00:00.000+08:00,-1,-0.29802683662496043
STN_0003,2025-11-10T15:00:00.000+08:00,0,-0.009312844495039552
STN_0003,2025-11-10T16:00:00.000+08:00,0,-0.1562911110389611
STN_0003,2025-11-10T17:00:00.000+08:00,0,-0.1158721823643252
STN_0003,2025-11-10T18:00:00.000+08:00,1,-0.10073169014499173
STN_0003,2025-11-10T19:00:00.000+08:00,1,0.18883705410622809
STN_0003,2025-11-10T20:00:00.000+08:00,-7,-3.140134950273249
STN_0003,2025-11-10T21:00:00.000+08:00,-1,-2.7016471033913074
STN_0003,2025-11-10T22:00:00.000+08:00,-5,-2.811040683255193
STN_0003,2025-11-10T23:00:00.000+08:00,6,-2.1947399150175535
STN_0003,2025-11-11T00:00:00.000+08:00,1,0.17949781122681951
STN_0003,2025-11-11T01:00:00.000+08:00,-5,-0.682609282590624
STN_0003,2025-11-11T02:00:00.000+08:00,-2,-0.4256125239114681
STN_0003,2025-11-11T03:00:00.000+08:00,7,1.1246878720000577
STN_0003,2025-11-11T04:00:00.000+08:00,1,1.004648867011868
STN_0003,2025-11-11T05:00:00.000+08:00,-1,4.564876527395253
STN_0003,2025-11-11T06:00:00.000+08:00,12,2.0609315479760006
STN_0003,2025-11-11T07:00:00.000+08:00,3,2.183159126946677
STN_0003,2025-11-11T08:00:00.000+08:00,0,0.9897448221224874
STN_0003,2025-11-11T09:00:00.000+08:00,-4,0.2698428168084446
STN_0003,2025-11-11T10:00:00.000+08:00,2,0.5337699132551705
STN_0003,2025-11-11T11:00:00.000+08:00,1,0.05576126360547118
STN_0003,2025-11-11T12:00:00.000+08:00,2,0.3242643146005424
STN_0003,2025-11-11T13:00:00.000+08:00,0,0.09100802149540166
STN_0003,2025-11-11T14:00:00.000+08:00,0,-0.16874621257784295
STN_0003,2025-11-11T15:00:00.000+08:00,0,0.1872980925442813
STN_0003,2025-11-11T16:00:00.000+08:00,0,0.030841578792247915
STN_0003,2025-11-11T17:00:00.000+08:00,0,0.1764619350592364
STN_0003,2025-11-11T18:00:00.000+08:00,0,0.01514606471303119
STN_0003,2025-11-11T19:00:00.000+08:00,0,-0.25134082931209933
STN_0003,2025-11-11T20:00:00.000+08:00,0,-0.35058191347212964
STN_0003,2025-11-11T21:00:00.000+08:00,0,-0.14377467695084478
STN_0003,2025-11-11T22:00:00.000+08:00,0,-0.9962813440789957
STN_0003,2025-11-11T23:00:00.000+08:00,0,-0.5683732259946002
STN_0003,2025-11-12T00:00:00.000+08:00,-6,-1.4169628261927336
STN_0003,2025-11-12T01:00:00.000+08:00,-1,-0.483481308234579
STN_0003,2025-11-12T02:00:00.000+08:00,-1,-0.7463813732049762
STN_0003,2025-11-12T03:00:00.000+08:00,-2,-0.9800377870569181
STN_0003,2025-11-12T04:00:00.000+08:00,2,-0.411122229606268
STN_0003,2025-11-12T05:00:00.000+08:00,1,-1.3714426110344764
STN_0003,2025-11-12T06:00:00.000+08:00,-1,-0.15275546263958173
STN_0003,2025-11-12T07:00:00.000+08:00,-4,0.7975008130122871
STN_0003,2025-11-12T08:00:00.000+08:00,-2,0.8372818613945938
STN_0003,2025-11-12T09:00:00.000+08:00,-1,0.44717666714553417
STN_0003,2025-11-12T10:00:00.000+08:00,0,-0.2653133686103981
STN_0003,2025-11-12T11:00:00.000+08:00,1,-0.5545017187337491
STN_0003,2025-11-12T12:00:00.000+08:00,-1,0.02926639835193212
STN_0003,2025-11-12T13:00:00.000+08:00,2,0.3529548235160389
STN_0003,2025-11-12T14:00:00.000+08:00,1,-0.03710466368082965
STN_0003,2025-11-12T15:00:00.000+08:00,0,0.24546536393460128
STN_0003,2025-11-12T16:00:00.000+08:00,0,9.047696045483278E-5
STN_0003,2025-11-12T17:00:00.000+08:00,0,0.006194545860650741
STN_0003,2025-11-12T18:00:00.000+08:00,0,0.0956582367375595
STN_0003,2025-11-12T19:00:00.000+08:00,0,-0.29143937168341166
STN_0003,2025-11-12T20:00:00.000+08:00,0,-0.3200394766574548
STN_0003,2025-11-12T21:00:00.000+08:00,0,-0.8130146219086032
STN_0003,2025-11-12T22:00:00.000+08:00,-4,-0.5927413428703083
STN_0003,2025-11-12T23:00:00.000+08:00,-2,-1.1503182406371621
STN_0003,2025-11-13T00:00:00.000+08:00,0,-0.8344412879588328
STN_0003,2025-11-13T01:00:00.000+08:00,-1,-0.7525903232007618
STN_0003,2025-11-13T02:00:00.000+08:00,-3,-1.0566988508394637
STN_0003,2025-11-13T03:00:00.000+08:00,-4,-1.1651183490950858
STN_0003,2025-11-13T04:00:00.000+08:00,-3,-1.1013941459823702
STN_0003,2025-11-13T05:00:00.000+08:00,5,-0.2964195512130692
STN_0003,2025-11-13T06:00:00.000+08:00,6,0.48637116808999625
STN_0003,2025-11-13T07:00:00.000+08:00,1,0.8083961462301934
STN_0003,2025-11-13T08:00:00.000+08:00,5,1.3945538137025117
STN_0003,2025-11-13T09:00:00.000+08:00,0,0.3876923695452623
STN_0003,2025-11-13T10:00:00.000+08:00,2,0.4416008943783547
STN_0003,2025-11-13T11:00:00.000+08:00,-2,0.08035398839443264
STN_0003,2025-11-13T12:00:00.000+08:00,4,0.005152972460422678
STN_0003,2025-11-13T13:00:00.000+08:00,0,0.47842517929237705
STN_0003,2025-11-13T14:00:00.000+08:00,-1,-0.35558926194097373
STN_0003,2025-11-13T15:00:00.000+08:00,0,-0.08665308104966363
STN_0003,2025-11-13T16:00:00.000+08:00,1,0.041630070460629276
STN_0003,2025-11-13T17:00:00.000+08:00,0,0.16370593991830407
STN_0003,2025-11-13T18:00:00.000+08:00,-1,-0.07944528482341048
STN_0003,2025-11-13T19:00:00.000+08:00,-3,-1.3168888706049364
STN_0003,2025-11-13T20:00:00.000+08:00,-4,-3.2290330197508723
STN_0003,2025-11-13T21:00:00.000+08:00,-4,-4.161054021962393
STN_0003,2025-11-13T22:00:00.000+08:00,-3,-2.930988246681265
STN_0003,2025-11-13T23:00:00.000+08:00,-3,-2.3162255897439596
STN_0003,2025-11-14T00:00:00.000+08:00,-2,-1.1858720494167283
STN_0003,2025-11-14T01:00:00.000+08:00,0,-0.7278138662457048
STN_0003,2025-11-14T02:00:00.000+08:00,1,-0.4069337810791893
STN_0003,2025-11-14T03:00:00.000+08:00,2,-0.2839429830035991
STN_0003,2025-11-14T04:00:00.000+08:00,0,-0.29363721819155586
STN_0003,2025-11-14T05:00:00.000+08:00,7,1.6553783704647902
STN_0003,2025-11-14T06:00:00.000+08:00,-2,0.8084794607949224
STN_0003,2025-11-14T07:00:00.000+08:00,-1,0.5067706906233074
STN_0003,2025-11-14T08:00:00.000+08:00,3,1.1319174574606397
STN_0003,2025-11-14T09:00:00.000+08:00,-1,0.029550985641693117
STN_0003,2025-11-14T10:00:00.000+08:00,-2,0.34944644475689124
STN_0003,2025-11-14T11:00:00.000+08:00,-1,0.05618753831558276
STN_0003,2025-11-14T12:00:00.000+08:00,-1,0.05364477479776042
STN_0003,2025-11-14T13:00:00.000+08:00,-3,0.06948892361070058
STN_0003,2025-11-14T14:00:00.000+08:00,3,-1.3939666341586792
STN_0003,2025-11-14T15:00:00.000+08:00,1,-1.2857037989641458
STN_0003,2025-11-14T16:00:00.000+08:00,-3,-0.5186246420210208
STN_0003,2025-11-14T17:00:00.000+08:00,1,0.0961909363416259
STN_0003,2025-11-14T18:00:00.000+08:00,0,-2.245998101243485E-4
STN_0003,2025-11-14T19:00:00.000+08:00,2,-0.04241561153772411
STN_0003,2025-11-14T20:00:00.000+08:00,-4,-2.458053438588618
STN_0003,2025-11-14T21:00:00.000+08:00,4,-2.3186502999437106
STN_0003,2025-11-14T22:00:00.000+08:00,-2,-0.29739584340766534
STN_0003,2025-11-14T23:00:00.000+08:00,-6,-1.6160853597399587
STN_0003,2025-11-15T00:00:00.000+08:00,1,-0.38433820986211487
STN_0003,2025-11-15T01:00:00.000+08:00,-6,-1.4574080976892585
STN_0003,2025-11-15T02:00:00.000+08:00,-3,-0.4800249482753234
STN_0003,2025-11-15T03:00:00.000+08:00,4,-0.46426682050834245
STN_0003,2025-11-15T04:00:00.000+08:00,1,-0.1772456006348353
STN_0003,2025-11-15T05:00:00.000+08:00,8,1.8549425400246236
STN_0003,2025-11-15T06:00:00.000+08:00,4,0.6944542510734237
STN_0003,2025-11-15T07:00:00.000+08:00,-5,0.3090553694704248
STN_0003,2025-11-15T08:00:00.000+08:00,4,0.24945420873880764
STN_0003,2025-11-15T09:00:00.000+08:00,-3,0.5028044541288565
STN_0003,2025-11-15T10:00:00.000+08:00,1,-1.289452372193585
STN_0003,2025-11-15T11:00:00.000+08:00,-3,-0.6251452884023649
STN_0003,2025-11-15T12:00:00.000+08:00,5,0.04334229468406203
STN_0003,2025-11-15T13:00:00.000+08:00,1,-1.1509398276167175
STN_0003,2025-11-15T14:00:00.000+08:00,-1,-1.23458631198395
STN_0003,2025-11-15T15:00:00.000+08:00,-4,-1.2535600174815422
STN_0003,2025-11-15T16:00:00.000+08:00,-8,-1.7228784789646947
STN_0003,2025-11-15T17:00:00.000+08:00,-6,-2.2642472245038876
STN_0003,2025-11-15T18:00:00.000+08:00,-1,-0.41060779217426946
STN_0003,2025-11-15T19:00:00.000+08:00,0,-0.44281938376870356
STN_0003,2025-11-15T20:00:00.000+08:00,-2,-0.50463944576229
STN_0003,2025-11-15T21:00:00.000+08:00,0,-2.389430384713752
STN_0003,2025-11-15T22:00:00.000+08:00,0,-2.5874438673485454
STN_0003,2025-11-15T23:00:00.000+08:00,4,-0.621454118853876
STN_0003,2025-11-16T00:00:00.000+08:00,3,-0.48934374767422817
STN_0003,2025-11-16T01:00:00.000+08:00,-6,-1.7368174522026685
STN_0003,2025-11-16T02:00:00.000+08:00,5,0.2042821437136677
STN_0003,2025-11-16T03:00:00.000+08:00,-1,0.33070021099299574
STN_0003,2025-11-16T04:00:00.000+08:00,1,0.3827093602038971
STN_0003,2025-11-16T05:00:00.000+08:00,-6,0.011743079395229117
STN_0003,2025-11-16T06:00:00.000+08:00,2,0.37163485144226804
STN_0003,2025-11-16T07:00:00.000+08:00,4,-0.14749824158201363
STN_0003,2025-11-16T08:00:00.000+08:00,-7,-0.8948287220795006
STN_0003,2025-11-16T09:00:00.000+08:00,4,-0.044373686536330226
STN_0003,2025-11-16T10:00:00.000+08:00,2,-1.2452594182195087
STN_0003,2025-11-16T11:00:00.000+08:00,-2,-0.5047034052468806
STN_0003,2025-11-16T12:00:00.000+08:00,2,-0.44167911029381024
STN_0003,2025-11-16T13:00:00.000+08:00,0,0.12626811117217773
STN_0003,2025-11-16T14:00:00.000+08:00,0,-0.15867044073901893
STN_0003,2025-11-16T15:00:00.000+08:00,1,-0.17262611019715668
STN_0003,2025-11-16T16:00:00.000+08:00,-1,-0.34152740330152564
STN_0003,2025-11-16T17:00:00.000+08:00,-1,-0.10472999062398503
STN_0003,2025-11-16T18:00:00.000+08:00,0,-0.15781382802822858
STN_0003,2025-11-16T19:00:00.000+08:00,0,-0.6196542835591703
STN_0003,2025-11-16T20:00:00.000+08:00,0,-0.6349275804396789
STN_0003,2025-11-16T21:00:00.000+08:00,0,-0.458694535755404
STN_0003,2025-11-16T22:00:00.000+08:00,-2,-0.502416617247716
STN_0003,2025-11-16T23:00:00.000+08:00,-1,-0.3657917985873984
STN_0003,2025-11-17T00:00:00.000+08:00,-2,-1.7717662723044016
STN_0003,2025-11-17T01:00:00.000+08:00,-1,-1.4724173057172019
STN_0003,2025-11-17T02:00:00.000+08:00,1,-0.6048754728738186
STN_0003,2025-11-17T03:00:00.000+08:00,-2,-0.6664268976536425
STN_0003,2025-11-17T04:00:00.000+08:00,-1,-0.11599145902323027
STN_0003,2025-11-17T05:00:00.000+08:00,1,-0.2834359419285315
STN_0003,2025-11-17T06:00:00.000+08:00,-3,-0.698194209261719
STN_0003,2025-11-17T07:00:00.000+08:00,4,0.9765110123320371
STN_0003,2025-11-17T08:00:00.000+08:00,7,0.7619114967957543
STN_0003,2025-11-17T09:00:00.000+08:00,-1,0.31044341381390606
STN_0003,2025-11-17T10:00:00.000+08:00,2,-0.11533354738993218
STN_0003,2025-11-17T11:00:00.000+08:00,-1,0.4530554120247152
STN_0003,2025-11-17T12:00:00.000+08:00,-1,0.6486175927586948
STN_0003,2025-11-17T13:00:00.000+08:00,0,0.5944564624667275
STN_0003,2025-11-17T14:00:00.000+08:00,0,-0.015285547272491762
STN_0003,2025-11-17T15:00:00.000+08:00,0,-0.06297251749203403
STN_0003,2025-11-17T16:00:00.000+08:00,0,-0.14044941848137843
STN_0003,2025-11-17T17:00:00.000+08:00,0,-0.02843935653054458
STN_0003,2025-11-17T18:00:00.000+08:00,0,0.04338247190293581
STN_0003,2025-11-17T19:00:00.000+08:00,0,-0.1745055158476811
STN_0003,2025-11-17T20:00:00.000+08:00,0,-0.18937819034623904
STN_0003,2025-11-17T21:00:00.000+08:00,0,-0.756557856410053
STN_0003,2025-11-17T22:00:00.000+08:00,-3,-1.4362666594773614
STN_0003,2025-11-17T23:00:00.000+08:00,-1,-0.9991392534903687
STN_0003,2025-11-18T00:00:00.000+08:00,-4,-1.251725190044346
STN_0003,2025-11-18T01:00:00.000+08:00,-2,-0.881250587915571
STN_0003,2025-11-18T02:00:00.000+08:00,1,-0.8606586328799617
STN_0003,2025-11-18T03:00:00.000+08:00,1,-0.9614078485860977
STN_0003,2025-11-18T04:00:00.000+08:00,-3,-0.8897887771687714
STN_0003,2025-11-18T05:00:00.000+08:00,-4,-0.6063732883353481
STN_0003,2025-11-18T06:00:00.000+08:00,4,0.508597674069037
STN_0003,2025-11-18T07:00:00.000+08:00,0,0.9634398369379582
STN_0003,2025-11-18T08:00:00.000+08:00,-5,0.7867599534960039
STN_0003,2025-11-18T09:00:00.000+08:00,2,0.7876358562603087
STN_0003,2025-11-18T10:00:00.000+08:00,-3,0.2567756239492631
STN_0003,2025-11-18T11:00:00.000+08:00,-2,-0.21651072242121838
STN_0003,2025-11-18T12:00:00.000+08:00,0,-0.02670806073279941
STN_0003,2025-11-18T13:00:00.000+08:00,0,-0.08885044249240615
STN_0003,2025-11-18T14:00:00.000+08:00,1,-0.36936624864528267
STN_0003,2025-11-18T15:00:00.000+08:00,0,-0.3052236343874548
STN_0003,2025-11-18T16:00:00.000+08:00,0,-0.11859953028497303
STN_0003,2025-11-18T17:00:00.000+08:00,1,0.07000357774576424
STN_0003,2025-11-18T18:00:00.000+08:00,-1,0.05521095517472502
STN_0003,2025-11-18T19:00:00.000+08:00,-1,-0.46590609758096946
STN_0003,2025-11-18T20:00:00.000+08:00,0,-2.101987351922545
STN_0003,2025-11-18T21:00:00.000+08:00,-2,-2.99864086132962
STN_0003,2025-11-18T22:00:00.000+08:00,-4,-1.5881284376517044
STN_0003,2025-11-18T23:00:00.000+08:00,-5,-1.7311894087877535
STN_0003,2025-11-19T00:00:00.000+08:00,-6,-0.47930779052595085
STN_0003,2025-11-19T01:00:00.000+08:00,-2,-0.5379153778761347
STN_0003,2025-11-19T02:00:00.000+08:00,0,-0.7117830644447363
STN_0003,2025-11-19T03:00:00.000+08:00,0,-1.1704179539715156
STN_0003,2025-11-19T04:00:00.000+08:00,4,-0.9426569119799799
STN_0003,2025-11-19T05:00:00.000+08:00,3,0.35627934327859556
STN_0003,2025-11-19T06:00:00.000+08:00,3,1.7052251746276
STN_0003,2025-11-19T07:00:00.000+08:00,-1,0.6712958313504576
STN_0003,2025-11-19T08:00:00.000+08:00,-4,0.2274731012687301
STN_0003,2025-11-19T09:00:00.000+08:00,1,1.0073846512691667
STN_0003,2025-11-19T10:00:00.000+08:00,-3,-0.03524501518497214
STN_0003,2025-11-19T11:00:00.000+08:00,0,-0.23144804299734645
STN_0003,2025-11-19T12:00:00.000+08:00,5,0.01633477786266546
STN_0003,2025-11-19T13:00:00.000+08:00,1,-0.035218218294641446
STN_0003,2025-11-19T14:00:00.000+08:00,-2,-0.4382753014711759
STN_0003,2025-11-19T15:00:00.000+08:00,-1,0.0907331051124246
STN_0003,2025-11-19T16:00:00.000+08:00,0,0.03355392699786425
STN_0003,2025-11-19T17:00:00.000+08:00,1,-0.004367943739592817
STN_0003,2025-11-19T18:00:00.000+08:00,0,-0.11341963937338484
STN_0003,2025-11-19T19:00:00.000+08:00,-1,-1.1578931081156627
STN_0003,2025-11-19T20:00:00.000+08:00,-1,-1.3225109087409248
STN_0003,2025-11-19T21:00:00.000+08:00,-6,-3.9738006717589087
STN_0003,2025-11-19T22:00:00.000+08:00,-1,-2.1173494844581535
STN_0003,2025-11-19T23:00:00.000+08:00,0,-0.18399470570930898
STN_0003,2025-11-20T00:00:00.000+08:00,1,-0.2640759517167721
STN_0003,2025-11-20T01:00:00.000+08:00,1,-0.495229489469434
STN_0003,2025-11-20T02:00:00.000+08:00,1,-0.07378111408375343
STN_0003,2025-11-20T03:00:00.000+08:00,-2,0.042193691308360926
STN_0003,2025-11-20T04:00:00.000+08:00,0,-0.004793842579253749
STN_0003,2025-11-20T05:00:00.000+08:00,3,1.9871547051884066
STN_0003,2025-11-20T06:00:00.000+08:00,2,1.2775110611068552
STN_0003,2025-11-20T07:00:00.000+08:00,-3,0.49217532382238005
STN_0003,2025-11-20T08:00:00.000+08:00,0,0.9537224293492734
STN_0003,2025-11-20T09:00:00.000+08:00,2,-0.014231339483025351
STN_0003,2025-11-20T10:00:00.000+08:00,-1,0.42373231642030884
STN_0003,2025-11-20T11:00:00.000+08:00,-2,-0.17586000337708096
STN_0003,2025-11-20T12:00:00.000+08:00,3,0.05432385307176357
STN_0003,2025-11-20T13:00:00.000+08:00,-1,-0.4213584999234934
STN_0003,2025-11-20T14:00:00.000+08:00,-3,-0.42121357138581694
STN_0003,2025-11-20T15:00:00.000+08:00,0,-0.18783490103845835
STN_0003,2025-11-20T16:00:00.000+08:00,0,-0.2884605598681076
STN_0003,2025-11-20T17:00:00.000+08:00,1,-0.030109995324450134
STN_0003,2025-11-20T18:00:00.000+08:00,1,-0.04396471650017203
STN_0003,2025-11-20T19:00:00.000+08:00,0,-0.4786047206747124
STN_0003,2025-11-20T20:00:00.000+08:00,0,-0.5048283045286057
STN_0003,2025-11-20T21:00:00.000+08:00,-16,-5.323732672100202
STN_0003,2025-11-20T22:00:00.000+08:00,-4,-5.158970551517775
STN_0003,2025-11-20T23:00:00.000+08:00,1,-2.4635223903956307
STN_0003,2025-11-21T00:00:00.000+08:00,-1,-2.322166278471639
STN_0003,2025-11-21T01:00:00.000+08:00,-1,-0.9590165061664742
STN_0003,2025-11-21T02:00:00.000+08:00,-4,-1.1914943969667862
STN_0003,2025-11-21T03:00:00.000+08:00,-7,-0.8684148543918315
STN_0003,2025-11-21T04:00:00.000+08:00,0,-0.6441670670970732
STN_0003,2025-11-21T05:00:00.000+08:00,0,0.34850791562977435
STN_0003,2025-11-21T06:00:00.000+08:00,3,-0.09177157161979466
STN_0003,2025-11-21T07:00:00.000+08:00,-3,-1.7235689206063256
STN_0003,2025-11-21T08:00:00.000+08:00,1,-0.42719356306428224
STN_0003,2025-11-21T09:00:00.000+08:00,1,1.2535341580153485
STN_0003,2025-11-21T10:00:00.000+08:00,-2,-0.08981526036110576
STN_0003,2025-11-21T11:00:00.000+08:00,4,0.12359945131320238
STN_0003,2025-11-21T12:00:00.000+08:00,-1,0.38529773029906345
STN_0003,2025-11-21T13:00:00.000+08:00,2,0.17352848646086771
STN_0003,2025-11-21T14:00:00.000+08:00,-1,-0.47107329890717775
STN_0003,2025-11-21T15:00:00.000+08:00,0,-0.2421889877997948
STN_0003,2025-11-21T16:00:00.000+08:00,-3,-0.29803142318891207
STN_0003,2025-11-21T17:00:00.000+08:00,0,-0.003002686165934798
STN_0003,2025-11-21T18:00:00.000+08:00,0,-0.1777503269203558
STN_0003,2025-11-21T19:00:00.000+08:00,-1,-1.600707604293882
STN_0003,2025-11-21T20:00:00.000+08:00,3,-0.8959436376357517
STN_0003,2025-11-21T21:00:00.000+08:00,0,-1.392974155632619
STN_0003,2025-11-21T22:00:00.000+08:00,0,-0.43375396555895573
STN_0003,2025-11-21T23:00:00.000+08:00,-3,-1.415489841861298
STN_0003,2025-11-22T00:00:00.000+08:00,1,-0.28045522252142785
STN_0003,2025-11-22T01:00:00.000+08:00,-1,-0.8939060626569013
STN_0003,2025-11-22T02:00:00.000+08:00,4,0.0064439833166352045
STN_0003,2025-11-22T03:00:00.000+08:00,-4,0.20066578287508374
STN_0003,2025-11-22T04:00:00.000+08:00,0,-0.01873787440130048
STN_0003,2025-11-22T05:00:00.000+08:00,4,1.427222910291194
STN_0003,2025-11-22T06:00:00.000+08:00,2,1.9178311373073509
STN_0003,2025-11-22T07:00:00.000+08:00,-2,1.252880434470363
STN_0003,2025-11-22T08:00:00.000+08:00,5,0.8330618671536811
STN_0003,2025-11-22T09:00:00.000+08:00,5,0.5070052243186804
STN_0003,2025-11-22T10:00:00.000+08:00,-2,-0.06106686430359254
STN_0003,2025-11-22T11:00:00.000+08:00,3,-0.36339390079452016
STN_0003,2025-11-22T12:00:00.000+08:00,0,-0.4228320883639185
STN_0003,2025-11-22T13:00:00.000+08:00,-4,-0.2448857636693047
STN_0003,2025-11-22T14:00:00.000+08:00,7,-0.7882554961682695
STN_0003,2025-11-22T15:00:00.000+08:00,-7,-2.7388634200697988
STN_0003,2025-11-22T16:00:00.000+08:00,-4,-0.6605604601534409
STN_0003,2025-11-22T17:00:00.000+08:00,3,-0.9221787942225101
STN_0003,2025-11-22T18:00:00.000+08:00,0,-0.31251834467738215
STN_0003,2025-11-22T19:00:00.000+08:00,1,-0.37078280410722964
STN_0003,2025-11-22T20:00:00.000+08:00,-4,-0.4905172155416735
STN_0003,2025-11-22T21:00:00.000+08:00,-2,-1.5689861515661399
STN_0003,2025-11-22T22:00:00.000+08:00,3,0.37978765193246256
STN_0003,2025-11-22T23:00:00.000+08:00,0,-0.9557753553809842
STN_0003,2025-11-23T00:00:00.000+08:00,-1,-1.2044950650050588
STN_0003,2025-11-23T01:00:00.000+08:00,-4,-0.6215742241911792
STN_0003,2025-11-23T02:00:00.000+08:00,5,-0.20459444117605763
STN_0003,2025-11-23T03:00:00.000+08:00,-1,-0.5926870985627595
STN_0003,2025-11-23T04:00:00.000+08:00,-5,0.14109090622526743
STN_0003,2025-11-23T05:00:00.000+08:00,0,0.357762220038655
STN_0003,2025-11-23T06:00:00.000+08:00,3,0.6515149678960075
STN_0003,2025-11-23T07:00:00.000+08:00,-4,0.22415492969732576
STN_0003,2025-11-23T08:00:00.000+08:00,-1,0.01287450040663174
STN_0003,2025-11-23T09:00:00.000+08:00,2,0.17794013255360408
STN_0003,2025-11-23T10:00:00.000+08:00,8,0.10144704754154343
STN_0003,2025-11-23T11:00:00.000+08:00,0,-1.361579166149328
STN_0003,2025-11-23T12:00:00.000+08:00,2,-0.10869847336852523
STN_0003,2025-11-23T13:00:00.000+08:00,2,0.05654663516589231
STN_0003,2025-11-23T14:00:00.000+08:00,-1,-1.1064495663038065
STN_0003,2025-11-23T15:00:00.000+08:00,-5,-0.7697760332880277
STN_0003,2025-11-23T16:00:00.000+08:00,-1,-1.0159649315821264
STN_0003,2025-11-23T17:00:00.000+08:00,0,-0.17763212658480154
STN_0003,2025-11-23T18:00:00.000+08:00,0,-0.19629555879318783
STN_0003,2025-11-23T19:00:00.000+08:00,-1,-0.4381103580116761
STN_0003,2025-11-23T20:00:00.000+08:00,1,-0.7739843806721776
STN_0003,2025-11-23T21:00:00.000+08:00,-2,-0.7526865562310121
STN_0003,2025-11-23T22:00:00.000+08:00,1,-0.3343537273057926
STN_0003,2025-11-23T23:00:00.000+08:00,1,-1.1643870416865836
STN_0003,2025-11-24T00:00:00.000+08:00,1,-0.8195630141356984
STN_0003,2025-11-24T01:00:00.000+08:00,-7,-1.185901543994488
STN_0003,2025-11-24T02:00:00.000+08:00,0,-0.5723476769269205
STN_0003,2025-11-24T03:00:00.000+08:00,-1,-0.61260063786915
STN_0003,2025-11-24T04:00:00.000+08:00,0,0.08726445570017205
STN_0003,2025-11-24T05:00:00.000+08:00,4,0.2099717705555575
STN_0003,2025-11-24T06:00:00.000+08:00,-1,0.35453270527318015
STN_0003,2025-11-24T07:00:00.000+08:00,5,1.0862039767106184
STN_0003,2025-11-24T08:00:00.000+08:00,1,0.9078412706471966
STN_0003,2025-11-24T09:00:00.000+08:00,2,0.5325336565976553
STN_0003,2025-11-24T10:00:00.000+08:00,-3,0.11340168097106007
STN_0003,2025-11-24T11:00:00.000+08:00,2,0.04642659193488452
STN_0003,2025-11-24T12:00:00.000+08:00,-1,0.4025871168750148
STN_0003,2025-11-24T13:00:00.000+08:00,0,0.21747687928466286
STN_0003,2025-11-24T14:00:00.000+08:00,0,-0.24286540257978562
STN_0003,2025-11-24T15:00:00.000+08:00,0,-0.11836225688633384
STN_0003,2025-11-24T16:00:00.000+08:00,0,-0.0659433975549189
STN_0003,2025-11-24T17:00:00.000+08:00,1,-0.06311549847067821
STN_0003,2025-11-24T18:00:00.000+08:00,1,0.07069202562441707
STN_0003,2025-11-24T19:00:00.000+08:00,0,0.7771285976278864
STN_0003,2025-11-24T20:00:00.000+08:00,2,0.9016702383517812
STN_0003,2025-11-24T21:00:00.000+08:00,-2,-0.8362425855811546
STN_0003,2025-11-24T22:00:00.000+08:00,1,-1.5206912769983774
STN_0003,2025-11-24T23:00:00.000+08:00,-7,-0.7944671179975336
STN_0003,2025-11-25T00:00:00.000+08:00,-6,-0.5822227985009549
STN_0003,2025-11-25T01:00:00.000+08:00,0,-1.3525985235770168
STN_0003,2025-11-25T02:00:00.000+08:00,0,-0.15163351582905893
STN_0003,2025-11-25T03:00:00.000+08:00,2,0.4809016606964027
STN_0003,2025-11-25T04:00:00.000+08:00,1,-0.5938743239107369
STN_0003,2025-11-25T05:00:00.000+08:00,1,1.1899517932472659
STN_0003,2025-11-25T06:00:00.000+08:00,-3,1.9513888505796242
STN_0003,2025-11-25T07:00:00.000+08:00,-2,-0.4240963825145343
STN_0003,2025-11-25T08:00:00.000+08:00,4,0.9707117146350779
STN_0003,2025-11-25T09:00:00.000+08:00,6,0.4734720981687701
STN_0003,2025-11-25T10:00:00.000+08:00,2,0.16555488886803182
STN_0003,2025-11-25T11:00:00.000+08:00,-2,0.2318161578003095
STN_0003,2025-11-25T12:00:00.000+08:00,1,0.20462568965971561
STN_0003,2025-11-25T13:00:00.000+08:00,-1,0.4669072297496051
STN_0003,2025-11-25T14:00:00.000+08:00,1,-0.12942224989776996
STN_0003,2025-11-25T15:00:00.000+08:00,0,0.19641135975884128
STN_0003,2025-11-25T16:00:00.000+08:00,0,-0.17889026411064218
STN_0003,2025-11-25T17:00:00.000+08:00,-1,-0.0457390932009642
STN_0003,2025-11-25T18:00:00.000+08:00,1,-0.01277784291809908
STN_0003,2025-11-25T19:00:00.000+08:00,1,0.3161350434347876
STN_0003,2025-11-25T20:00:00.000+08:00,-3,-1.7763141149946047
STN_0003,2025-11-25T21:00:00.000+08:00,-9,-5.443076662367821
STN_0003,2025-11-25T22:00:00.000+08:00,0,-3.1573882898844454
STN_0003,2025-11-25T23:00:00.000+08:00,1,-0.9811987343786548
STN_0003,2025-11-26T00:00:00.000+08:00,0,-0.42565181271495156
STN_0003,2025-11-26T01:00:00.000+08:00,0,-0.8290491617786815
STN_0003,2025-11-26T02:00:00.000+08:00,-1,-0.21400026648710213
STN_0003,2025-11-26T03:00:00.000+08:00,3,0.7294645204056236
STN_0003,2025-11-26T04:00:00.000+08:00,-2,0.4058655569319187
STN_0003,2025-11-26T05:00:00.000+08:00,5,2.4082395927770577
STN_0003,2025-11-26T06:00:00.000+08:00,4,1.14228853702134
STN_0003,2025-11-26T07:00:00.000+08:00,-6,0.020492386258192496
STN_0003,2025-11-26T08:00:00.000+08:00,0,0.7388696979053435
STN_0003,2025-11-26T09:00:00.000+08:00,-2,0.421672154045428
STN_0003,2025-11-26T10:00:00.000+08:00,1,0.7061947050477304
STN_0003,2025-11-26T11:00:00.000+08:00,0,-0.0964387802316562
STN_0003,2025-11-26T12:00:00.000+08:00,2,-0.018462327048153426
STN_0003,2025-11-26T13:00:00.000+08:00,2,0.017616842924213838
STN_0003,2025-11-26T14:00:00.000+08:00,-1,-0.5902707794401076
STN_0003,2025-11-26T15:00:00.000+08:00,0,-0.1600817928489332
STN_0003,2025-11-26T16:00:00.000+08:00,-2,-0.3507901459756577
STN_0003,2025-11-26T17:00:00.000+08:00,0,0.10023189314711645
STN_0003,2025-11-26T18:00:00.000+08:00,-2,-0.18162153943241488
STN_0003,2025-11-26T19:00:00.000+08:00,-2,-1.8105631923392664
STN_0003,2025-11-26T20:00:00.000+08:00,-10,-6.759042477903709
STN_0003,2025-11-26T21:00:00.000+08:00,-1,-5.56714279463091
STN_0003,2025-11-26T22:00:00.000+08:00,-20,-3.9414463229518955
STN_0003,2025-11-26T23:00:00.000+08:00,0,-2.956721808803401
STN_0003,2025-11-27T00:00:00.000+08:00,0,-2.3060695373030686
STN_0003,2025-11-27T01:00:00.000+08:00,-3,-1.7625837941837057
STN_0003,2025-11-27T02:00:00.000+08:00,-5,-1.272371231209097
STN_0003,2025-11-27T03:00:00.000+08:00,6,-1.0230127816149732
STN_0003,2025-11-27T04:00:00.000+08:00,-3,-0.9539537179445325
STN_0003,2025-11-27T05:00:00.000+08:00,-6,-0.7930141271209692
STN_0003,2025-11-27T06:00:00.000+08:00,6,1.2379983736394564
STN_0003,2025-11-27T07:00:00.000+08:00,-5,2.017250843100875
STN_0003,2025-11-27T08:00:00.000+08:00,0,2.804817357309066
STN_0003,2025-11-27T09:00:00.000+08:00,-6,0.2836425987067681
STN_0003,2025-11-27T10:00:00.000+08:00,3,0.5822122869606332
STN_0003,2025-11-27T11:00:00.000+08:00,-2,-0.4412645721347008
STN_0003,2025-11-27T12:00:00.000+08:00,0,-0.28849475989155415
STN_0003,2025-11-27T13:00:00.000+08:00,0,5.37000852777858E-4
STN_0003,2025-11-27T14:00:00.000+08:00,3,-0.2802474242287474
STN_0003,2025-11-27T15:00:00.000+08:00,2,-0.24383658221353866
STN_0003,2025-11-27T16:00:00.000+08:00,2,0.02411409807966014
STN_0003,2025-11-27T17:00:00.000+08:00,0,0.06475303929696774
STN_0003,2025-11-27T18:00:00.000+08:00,0,0.16549351134440898
STN_0003,2025-11-27T19:00:00.000+08:00,-3,0.2896016985856371
STN_0003,2025-11-27T20:00:00.000+08:00,-8,-4.852532869545425
STN_0003,2025-11-27T21:00:00.000+08:00,-20,-5.063073535081707
STN_0003,2025-11-27T22:00:00.000+08:00,-11,-4.720792420249122
STN_0003,2025-11-27T23:00:00.000+08:00,-12,-4.191450303464784
STN_0003,2025-11-28T00:00:00.000+08:00,-8,-1.744843295876155
STN_0003,2025-11-28T01:00:00.000+08:00,0,-0.5738594741722878
STN_0003,2025-11-28T02:00:00.000+08:00,0,-1.7100161598676555
STN_0003,2025-11-28T03:00:00.000+08:00,2,-1.4771770785936846
STN_0003,2025-11-28T04:00:00.000+08:00,-1,-1.9048623449951751
STN_0003,2025-11-28T05:00:00.000+08:00,1,0.004599001532673341
STN_0003,2025-11-28T06:00:00.000+08:00,6,1.7907896611868654
STN_0003,2025-11-28T07:00:00.000+08:00,-1,3.0480899139499265
STN_0003,2025-11-28T08:00:00.000+08:00,8,1.9554340537804826
STN_0003,2025-11-28T09:00:00.000+08:00,-11,-1.1316366554730024
STN_0003,2025-11-28T10:00:00.000+08:00,-3,0.39442840194205075
STN_0003,2025-11-28T11:00:00.000+08:00,3,1.2980202830057674
STN_0003,2025-11-28T12:00:00.000+08:00,-6,-0.836811544682388
STN_0003,2025-11-28T13:00:00.000+08:00,2,0.4244906264013686
STN_0003,2025-11-28T14:00:00.000+08:00,-2,-1.8291829581578654
STN_0003,2025-11-28T15:00:00.000+08:00,0,-1.0217663305380085
STN_0003,2025-11-28T16:00:00.000+08:00,-2,-0.7792803274040299
STN_0003,2025-11-28T17:00:00.000+08:00,0,-0.19751648500121877
STN_0003,2025-11-28T18:00:00.000+08:00,1,-0.1613633701192645
STN_0003,2025-11-28T19:00:00.000+08:00,-4,-0.1412358194986849
STN_0003,2025-11-28T20:00:00.000+08:00,-9,-5.131476157847386
STN_0003,2025-11-28T21:00:00.000+08:00,-2,-2.9545917698780215
STN_0003,2025-11-28T22:00:00.000+08:00,1,-0.8950691752781976
STN_0003,2025-11-28T23:00:00.000+08:00,1,-1.2461329473181166
STN_0003,2025-11-29T00:00:00.000+08:00,-1,-1.5545395839685119
STN_0003,2025-11-29T01:00:00.000+08:00,-1,-1.5270539897672961
STN_0003,2025-11-29T02:00:00.000+08:00,3,-0.6677467499168257
STN_0003,2025-11-29T03:00:00.000+08:00,-2,-0.8038418057756544
STN_0003,2025-11-29T04:00:00.000+08:00,1,-1.0907834377199546
STN_0003,2025-11-29T05:00:00.000+08:00,-1,-0.461135290167614
STN_0003,2025-11-29T06:00:00.000+08:00,0,0.563144864193033
STN_0003,2025-11-29T07:00:00.000+08:00,0,1.4275027511337788
STN_0003,2025-11-29T08:00:00.000+08:00,4,0.47184232050181496
STN_0003,2025-11-29T09:00:00.000+08:00,2,-0.6617995154970204
STN_0003,2025-11-29T10:00:00.000+08:00,3,0.4368311646022063
STN_0003,2025-11-29T11:00:00.000+08:00,-3,0.048968888881149475
STN_0003,2025-11-29T12:00:00.000+08:00,6,0.33667846158426507
STN_0003,2025-11-29T13:00:00.000+08:00,-6,-0.028741141272870863
STN_0003,2025-11-29T14:00:00.000+08:00,-1,-0.7065994012069754
STN_0003,2025-11-29T15:00:00.000+08:00,-1,-0.49593914106575165
STN_0003,2025-11-29T16:00:00.000+08:00,-3,-0.8344547040865588
STN_0003,2025-11-29T17:00:00.000+08:00,0,-0.29471161386955047
STN_0003,2025-11-29T18:00:00.000+08:00,0,-0.39523890876136125
STN_0003,2025-11-29T19:00:00.000+08:00,0,-0.7332321313873659
STN_0003,2025-11-29T20:00:00.000+08:00,0,-0.727675791015357
STN_0003,2025-11-29T21:00:00.000+08:00,3,0.19308485317348434
STN_0003,2025-11-29T22:00:00.000+08:00,0,-0.30059217284046147
STN_0003,2025-11-29T23:00:00.000+08:00,0,0.05147264297231313
STN_0003,2025-11-30T00:00:00.000+08:00,-2,-0.6502993655441269
STN_0003,2025-11-30T01:00:00.000+08:00,-2,-0.3608565169180027
STN_0003,2025-11-30T02:00:00.000+08:00,-2,-0.05689125636753101
STN_0003,2025-11-30T03:00:00.000+08:00,-6,-0.34743163385182463
STN_0003,2025-11-30T04:00:00.000+08:00,7,0.05419551591470828
STN_0003,2025-11-30T05:00:00.000+08:00,-4,0.25623411026819554
STN_0003,2025-11-30T06:00:00.000+08:00,8,4.393427488424397
STN_0003,2025-11-30T07:00:00.000+08:00,-1,0.4983875410727343
STN_0003,2025-11-30T08:00:00.000+08:00,-4,0.9430023366684512
STN_0003,2025-11-30T09:00:00.000+08:00,-2,-0.08723393862953621
STN_0003,2025-11-30T10:00:00.000+08:00,-3,-0.2081585544533473
STN_0003,2025-11-30T11:00:00.000+08:00,5,0.22530185991145046
STN_0003,2025-11-30T12:00:00.000+08:00,-8,-1.0597237299079882
STN_0003,2025-11-30T13:00:00.000+08:00,-1,-0.34363367717645055
STN_0003,2025-11-30T14:00:00.000+08:00,1,-0.30809845975343464
STN_0003,2025-11-30T15:00:00.000+08:00,-1,-1.439692090050253
STN_0003,2025-11-30T16:00:00.000+08:00,2,-0.8222670564237333
STN_0003,2025-11-30T17:00:00.000+08:00,-2,-0.6064457942014155
STN_0003,2025-11-30T18:00:00.000+08:00,0,-0.10289858841233923
STN_0003,2025-11-30T19:00:00.000+08:00,1,-0.4596319953386421
STN_0003,2025-11-30T20:00:00.000+08:00,-1,-0.6567484968338609
STN_0003,2025-11-30T21:00:00.000+08:00,2,0.9749637002045435
STN_0003,2025-11-30T22:00:00.000+08:00,0,-0.05094525307323883
STN_0003,2025-11-30T23:00:00.000+08:00,-6,-1.7259667679851929
STN_0003,2025-12-01T00:00:00.000+08:00,-2,-1.8036460423465481
STN_0003,2025-12-01T01:00:00.000+08:00,-5,-1.7573904277532
STN_0003,2025-12-01T02:00:00.000+08:00,0,-0.9343275077907021
STN_0003,2025-12-01T03:00:00.000+08:00,-3,-1.149708346182429
STN_0003,2025-12-01T04:00:00.000+08:00,1,-1.047356804799283
STN_0003,2025-12-01T05:00:00.000+08:00,0,-0.5332679074218385
STN_0003,2025-12-01T06:00:00.000+08:00,5,0.11931493574183616
STN_0003,2025-12-01T07:00:00.000+08:00,2,0.306249472870634
STN_0003,2025-12-01T08:00:00.000+08:00,-5,0.05746333276109006
STN_0003,2025-12-01T09:00:00.000+08:00,-2,0.2751708985548338
STN_0003,2025-12-01T10:00:00.000+08:00,0,0.3844410750263041
STN_0003,2025-12-01T11:00:00.000+08:00,-2,0.3132184727643199
STN_0003,2025-12-01T12:00:00.000+08:00,0,0.32470421307405806
STN_0003,2025-12-01T13:00:00.000+08:00,-2,-0.05421445700249117
STN_0003,2025-12-01T14:00:00.000+08:00,0,-0.7000518370341517
STN_0003,2025-12-01T15:00:00.000+08:00,0,-0.3116008971621749
STN_0003,2025-12-01T16:00:00.000+08:00,0,-0.3561229567976556
STN_0003,2025-12-01T17:00:00.000+08:00,0,-0.1452718242584897
STN_0003,2025-12-01T18:00:00.000+08:00,1,-0.17931976875362327
STN_0003,2025-12-01T19:00:00.000+08:00,3,1.0587804818022546
STN_0003,2025-12-01T20:00:00.000+08:00,-3,-1.096916808193075
STN_0003,2025-12-01T21:00:00.000+08:00,-2,-2.007951035636972
STN_0003,2025-12-01T22:00:00.000+08:00,1,-0.1858305568175016
STN_0003,2025-12-01T23:00:00.000+08:00,-1,-0.4048754243178987
STN_0003,2025-12-02T00:00:00.000+08:00,-1,-0.8256727154187047
STN_0003,2025-12-02T01:00:00.000+08:00,0,-0.47997162297803797
STN_0003,2025-12-02T02:00:00.000+08:00,3,-0.12199206504716908
STN_0003,2025-12-02T03:00:00.000+08:00,-2,-0.2094549429149799
STN_0003,2025-12-02T04:00:00.000+08:00,4,-0.043649093575400144
STN_0003,2025-12-02T05:00:00.000+08:00,2,2.4008046244917125
STN_0003,2025-12-02T06:00:00.000+08:00,-7,0.7777974201986959
STN_0003,2025-12-02T07:00:00.000+08:00,7,2.418133036423538
STN_0003,2025-12-02T08:00:00.000+08:00,6,0.5511743109895422
STN_0003,2025-12-02T09:00:00.000+08:00,-7,-0.7190691340983566
STN_0003,2025-12-02T10:00:00.000+08:00,-2,0.8658234858234453
STN_0003,2025-12-02T11:00:00.000+08:00,2,-0.36686585065101784
STN_0003,2025-12-02T12:00:00.000+08:00,3,-0.32026584759196286
STN_0003,2025-12-02T13:00:00.000+08:00,-1,-0.12453486322119511
STN_0003,2025-12-02T14:00:00.000+08:00,1,-0.5723431172358584
STN_0003,2025-12-02T15:00:00.000+08:00,-1,-0.2755065666515605
STN_0003,2025-12-02T16:00:00.000+08:00,0,0.023867907761178475
STN_0003,2025-12-02T17:00:00.000+08:00,0,0.0034388052397316404
STN_0003,2025-12-02T18:00:00.000+08:00,-2,-0.21010222033237747
STN_0003,2025-12-02T19:00:00.000+08:00,1,-0.5373476108390376
STN_0003,2025-12-02T20:00:00.000+08:00,-7,-4.315394804840633
STN_0003,2025-12-02T21:00:00.000+08:00,0,-4.512460132651832
STN_0003,2025-12-02T22:00:00.000+08:00,0,-1.4128178840535197
STN_0003,2025-12-02T23:00:00.000+08:00,0,-1.0129983729617118
STN_0003,2025-12-03T00:00:00.000+08:00,-3,-1.0280913664749214
STN_0003,2025-12-03T01:00:00.000+08:00,1,-0.2659670041021154
STN_0003,2025-12-03T02:00:00.000+08:00,-1,-0.28130318204828875
STN_0003,2025-12-03T03:00:00.000+08:00,-2,-0.9150218651243232
STN_0003,2025-12-03T04:00:00.000+08:00,1,-1.125009192952422
STN_0003,2025-12-03T05:00:00.000+08:00,-8,-1.7466699570211004
STN_0003,2025-12-03T06:00:00.000+08:00,0,0.008394202384592653
STN_0003,2025-12-03T07:00:00.000+08:00,2,0.9219811581652575
STN_0003,2025-12-03T08:00:00.000+08:00,-2,0.3173495734726277
STN_0003,2025-12-03T09:00:00.000+08:00,-1,0.1346862523921306
STN_0003,2025-12-03T10:00:00.000+08:00,2,0.056592340224160154
STN_0003,2025-12-03T11:00:00.000+08:00,-2,-0.4346539957134774
STN_0003,2025-12-03T12:00:00.000+08:00,1,0.17859401262600771
STN_0003,2025-12-03T13:00:00.000+08:00,-1,-0.06029940148264523
STN_0003,2025-12-03T14:00:00.000+08:00,0,-0.38555439730545515
STN_0003,2025-12-03T15:00:00.000+08:00,-1,-0.30052947837188804
STN_0003,2025-12-03T16:00:00.000+08:00,0,-0.2666113057868882
STN_0003,2025-12-03T17:00:00.000+08:00,0,-0.09391793676102123
STN_0003,2025-12-03T18:00:00.000+08:00,0,-0.2163521166215856
STN_0003,2025-12-03T19:00:00.000+08:00,3,0.3637008573780067
STN_0003,2025-12-03T20:00:00.000+08:00,-3,-1.8459162146221488
STN_0003,2025-12-03T21:00:00.000+08:00,-6,-3.566770490235629
STN_0003,2025-12-03T22:00:00.000+08:00,-4,-1.196387978158123
STN_0003,2025-12-03T23:00:00.000+08:00,0,-0.6516893472947594
STN_0003,2025-12-04T00:00:00.000+08:00,-2,-1.1254272677408572
STN_0003,2025-12-04T01:00:00.000+08:00,6,-0.5623972442099072
STN_0003,2025-12-04T02:00:00.000+08:00,-1,-0.9260954405669173
STN_0003,2025-12-04T03:00:00.000+08:00,-4,-1.0326585723328678
STN_0003,2025-12-04T04:00:00.000+08:00,1,-0.4232856636780076
STN_0003,2025-12-04T05:00:00.000+08:00,7,2.0121545972670187
STN_0003,2025-12-04T06:00:00.000+08:00,-1,1.3132134085677123
STN_0003,2025-12-04T07:00:00.000+08:00,-3,1.3105106476235884
STN_0003,2025-12-04T08:00:00.000+08:00,-1,1.1568858682552392
STN_0003,2025-12-04T09:00:00.000+08:00,-6,0.22480882455134132
STN_0003,2025-12-04T10:00:00.000+08:00,2,0.5087007742865683
STN_0003,2025-12-04T11:00:00.000+08:00,0,-0.05131537527112684
STN_0003,2025-12-04T12:00:00.000+08:00,0,-0.1206633622731168
STN_0003,2025-12-04T13:00:00.000+08:00,1,0.06639053136169637
STN_0003,2025-12-04T14:00:00.000+08:00,0,-0.40181890059655523
STN_0003,2025-12-04T15:00:00.000+08:00,-1,0.15934985359814408
STN_0003,2025-12-04T16:00:00.000+08:00,0,-0.10413292330148952
STN_0003,2025-12-04T17:00:00.000+08:00,0,-0.02983067021224814
STN_0003,2025-12-04T18:00:00.000+08:00,-1,-0.11514336992964386
STN_0003,2025-12-04T19:00:00.000+08:00,0,-0.7252310988077195
STN_0003,2025-12-04T20:00:00.000+08:00,-2,-2.8370859812576645
STN_0003,2025-12-04T21:00:00.000+08:00,0,-2.241062233490255
STN_0003,2025-12-04T22:00:00.000+08:00,-1,-0.9958924724893654
STN_0003,2025-12-04T23:00:00.000+08:00,2,-0.49820484020498057
STN_0003,2025-12-05T00:00:00.000+08:00,1,-0.4932660055137914
STN_0003,2025-12-05T01:00:00.000+08:00,0,-0.24658675984874856
STN_0003,2025-12-05T02:00:00.000+08:00,0,0.1674282509449796
STN_0003,2025-12-05T03:00:00.000+08:00,-2,-0.3352298946818886
STN_0003,2025-12-05T04:00:00.000+08:00,-1,-0.03564043679416118
STN_0003,2025-12-05T05:00:00.000+08:00,-3,0.10133268046421318
STN_0003,2025-12-05T06:00:00.000+08:00,-4,-0.5753922366778648
STN_0003,2025-12-05T07:00:00.000+08:00,-3,0.266599654083544
STN_0003,2025-12-05T08:00:00.000+08:00,0,-0.39141382251250256
STN_0003,2025-12-05T09:00:00.000+08:00,1,-0.3278099899169362
STN_0003,2025-12-05T10:00:00.000+08:00,3,-0.1618493295022292
STN_0003,2025-12-05T11:00:00.000+08:00,2,0.021784890575969884
STN_0003,2025-12-05T12:00:00.000+08:00,1,0.21624254928451214
STN_0003,2025-12-05T13:00:00.000+08:00,2,0.544346193914769
STN_0003,2025-12-05T14:00:00.000+08:00,0,0.14896694296468893
STN_0003,2025-12-05T15:00:00.000+08:00,0,0.28799455682824426
STN_0003,2025-12-05T16:00:00.000+08:00,-1,-0.010552039482102815
STN_0003,2025-12-05T17:00:00.000+08:00,-1,-0.04790518585050682
STN_0003,2025-12-05T18:00:00.000+08:00,0,-0.12753829779177575
STN_0003,2025-12-05T19:00:00.000+08:00,2,0.15532558062768498
STN_0003,2025-12-05T20:00:00.000+08:00,0,-1.0555653039136246
STN_0003,2025-12-05T21:00:00.000+08:00,-1,-1.2009418098016988
STN_0003,2025-12-05T22:00:00.000+08:00,-1,-0.7079267180510902
STN_0003,2025-12-05T23:00:00.000+08:00,-5,-0.41402058043847134
STN_0003,2025-12-06T00:00:00.000+08:00,1,0.07346029771506135
STN_0003,2025-12-06T01:00:00.000+08:00,-2,-0.46290591965248495
STN_0003,2025-12-06T02:00:00.000+08:00,-3,-0.6956875795389896
STN_0003,2025-12-06T03:00:00.000+08:00,-1,-1.034957179234242
STN_0003,2025-12-06T04:00:00.000+08:00,-3,-0.9418041495366207
STN_0003,2025-12-06T05:00:00.000+08:00,2,-0.052925226245101875
STN_0003,2025-12-06T06:00:00.000+08:00,-3,-1.1337269137600714
STN_0003,2025-12-06T07:00:00.000+08:00,-1,0.7429234898118935
STN_0003,2025-12-06T08:00:00.000+08:00,0,0.07650648820734052
STN_0003,2025-12-06T09:00:00.000+08:00,0,-0.49492547174008017
STN_0003,2025-12-06T10:00:00.000+08:00,5,-0.09669616660275526
STN_0003,2025-12-06T11:00:00.000+08:00,1,-0.2006052708984316
STN_0003,2025-12-06T12:00:00.000+08:00,2,0.26003038741532025
STN_0003,2025-12-06T13:00:00.000+08:00,2,0.682089461530925
STN_0003,2025-12-06T14:00:00.000+08:00,-4,-0.017168294387216898
STN_0003,2025-12-06T15:00:00.000+08:00,-2,0.091842474262948
STN_0003,2025-12-06T16:00:00.000+08:00,1,-0.2906101470012614
STN_0003,2025-12-06T17:00:00.000+08:00,1,-0.08419780918128783
STN_0003,2025-12-06T18:00:00.000+08:00,0,-0.26549836237022845
STN_0003,2025-12-06T19:00:00.000+08:00,0,-0.7423945343170874
STN_0003,2025-12-06T20:00:00.000+08:00,-1,-0.42719055430515873
STN_0003,2025-12-06T21:00:00.000+08:00,-1,0.3995080831126896
STN_0003,2025-12-06T22:00:00.000+08:00,2,0.508473616299608
STN_0003,2025-12-06T23:00:00.000+08:00,2,0.3497072095093363
STN_0003,2025-12-07T00:00:00.000+08:00,2,-0.10251048458046519
STN_0003,2025-12-07T01:00:00.000+08:00,-2,-0.28257211319306563
STN_0003,2025-12-07T02:00:00.000+08:00,-1,0.5165298032823875
STN_0003,2025-12-07T03:00:00.000+08:00,-5,-0.15033325775393402
STN_0003,2025-12-07T04:00:00.000+08:00,-2,-0.7401337518090814
STN_0003,2025-12-07T05:00:00.000+08:00,-2,-0.4326848778290371
STN_0003,2025-12-07T06:00:00.000+08:00,0,-0.4967155886188399
STN_0003,2025-12-07T07:00:00.000+08:00,3,-0.26838051089195414
STN_0003,2025-12-07T08:00:00.000+08:00,-1,-0.7413869584658479
STN_0003,2025-12-07T09:00:00.000+08:00,3,0.14308770176226782
STN_0003,2025-12-07T10:00:00.000+08:00,-1,0.1096382584759712
STN_0003,2025-12-07T11:00:00.000+08:00,0,0.796912314029834
STN_0003,2025-12-07T12:00:00.000+08:00,0,0.29560041822705574
STN_0003,2025-12-07T13:00:00.000+08:00,2,0.2768241183769964
STN_0003,2025-12-07T14:00:00.000+08:00,-1,0.03580825834299051
STN_0003,2025-12-07T15:00:00.000+08:00,0,-0.07301338982282668
STN_0003,2025-12-07T16:00:00.000+08:00,-2,-0.1180632828927084
STN_0003,2025-12-07T17:00:00.000+08:00,0,-0.1719093023216388
STN_0003,2025-12-07T18:00:00.000+08:00,0,-0.2856450605628823
STN_0003,2025-12-07T19:00:00.000+08:00,0,-0.845599353360728
STN_0003,2025-12-07T20:00:00.000+08:00,-1,-1.1430052234131969
STN_0003,2025-12-07T21:00:00.000+08:00,2,0.29629716180962706
STN_0003,2025-12-07T22:00:00.000+08:00,-2,-0.3482960930947625
STN_0003,2025-12-07T23:00:00.000+08:00,0,-0.08396741407047026
STN_0003,2025-12-08T00:00:00.000+08:00,2,-0.2753949998733751
STN_0003,2025-12-08T01:00:00.000+08:00,-3,-0.9247611130984383
STN_0003,2025-12-08T02:00:00.000+08:00,-2,-0.6255029648809458
STN_0003,2025-12-08T03:00:00.000+08:00,-1,-0.42336965003329086
STN_0003,2025-12-08T04:00:00.000+08:00,2,-0.4653019731369219
STN_0003,2025-12-08T05:00:00.000+08:00,2,-0.39174451611024397
STN_0003,2025-12-08T06:00:00.000+08:00,4,-0.0256799698641057
STN_0003,2025-12-08T07:00:00.000+08:00,0,0.2898122933849585
STN_0003,2025-12-08T08:00:00.000+08:00,0,0.2928292595946691
STN_0003,2025-12-08T09:00:00.000+08:00,-1,0.26381503003122164
STN_0003,2025-12-08T10:00:00.000+08:00,-2,0.5551575941376441
STN_0003,2025-12-08T11:00:00.000+08:00,1,0.3912470273077284
STN_0003,2025-12-08T12:00:00.000+08:00,0,0.3504435695847512
STN_0003,2025-12-08T13:00:00.000+08:00,-1,-0.14405830020170635
STN_0003,2025-12-08T14:00:00.000+08:00,0,-0.3747729262361864
STN_0003,2025-12-08T15:00:00.000+08:00,0,-0.061358094155880505
STN_0003,2025-12-08T16:00:00.000+08:00,-1,-0.1520148517108264
STN_0003,2025-12-08T17:00:00.000+08:00,1,-0.1636754042126578
STN_0003,2025-12-08T18:00:00.000+08:00,0,-0.28737607753635047
STN_0003,2025-12-08T19:00:00.000+08:00,3,1.700303965295785
STN_0003,2025-12-08T20:00:00.000+08:00,-4,-1.0081816498604754
STN_0003,2025-12-08T21:00:00.000+08:00,-6,-3.5286173423498868
STN_0003,2025-12-08T22:00:00.000+08:00,1,-0.765013958497482
STN_0003,2025-12-08T23:00:00.000+08:00,-1,-0.9195428373427856
STN_0003,2025-12-09T00:00:00.000+08:00,1,-0.29054853041215534
STN_0003,2025-12-09T01:00:00.000+08:00,1,-0.5808492467288682
STN_0003,2025-12-09T02:00:00.000+08:00,0,-0.671384831903163
STN_0003,2025-12-09T03:00:00.000+08:00,-2,-0.3191869442057187
STN_0003,2025-12-09T04:00:00.000+08:00,1,-0.022384758149535777
STN_0003,2025-12-09T05:00:00.000+08:00,2,0.37568783056506794
STN_0003,2025-12-09T06:00:00.000+08:00,0,0.8716353728103732
STN_0003,2025-12-09T07:00:00.000+08:00,-2,0.15783082707403384
STN_0003,2025-12-09T08:00:00.000+08:00,1,-0.019048480880813567
STN_0003,2025-12-09T09:00:00.000+08:00,-1,0.00766699936010129
STN_0003,2025-12-09T10:00:00.000+08:00,1,0.3758904851601075
STN_0003,2025-12-09T11:00:00.000+08:00,0,-0.04269406995922309
STN_0003,2025-12-09T12:00:00.000+08:00,-1,0.43330257415619
STN_0003,2025-12-09T13:00:00.000+08:00,0,0.3789476961331971
STN_0003,2025-12-09T14:00:00.000+08:00,0,-0.10897053972265097
STN_0003,2025-12-09T15:00:00.000+08:00,-1,-0.034827617270026257
STN_0003,2025-12-09T16:00:00.000+08:00,0,-0.13495852123951674
STN_0003,2025-12-09T17:00:00.000+08:00,1,-0.05673647315782496
STN_0003,2025-12-09T18:00:00.000+08:00,-3,-0.23499210147609773
STN_0003,2025-12-09T19:00:00.000+08:00,1,-0.5201819802187408
STN_0003,2025-12-09T20:00:00.000+08:00,-1,-3.198284022508246
STN_0003,2025-12-09T21:00:00.000+08:00,0,-2.9084627511827055
STN_0003,2025-12-09T22:00:00.000+08:00,0,-1.230811102390506
STN_0003,2025-12-09T23:00:00.000+08:00,1,-0.2297339675671095
STN_0003,2025-12-10T00:00:00.000+08:00,2,0.043738196447703714
STN_0003,2025-12-10T01:00:00.000+08:00,2,0.031135583920796073
STN_0003,2025-12-10T02:00:00.000+08:00,0,0.4280135263140208
STN_0003,2025-12-10T03:00:00.000+08:00,-1,-0.3322283805842634
STN_0003,2025-12-10T04:00:00.000+08:00,-4,-0.07863236897092829
STN_0003,2025-12-10T05:00:00.000+08:00,-4,0.7408871098836363
STN_0003,2025-12-10T06:00:00.000+08:00,3,0.3690806956328254
STN_0003,2025-12-10T07:00:00.000+08:00,1,1.109988021411417
STN_0003,2025-12-10T08:00:00.000+08:00,5,0.7327373243931063
STN_0003,2025-12-10T09:00:00.000+08:00,-6,-0.8553308622992848
STN_0003,2025-12-10T10:00:00.000+08:00,0,0.14867329469065282
STN_0003,2025-12-10T11:00:00.000+08:00,0,0.18266037385741063
STN_0003,2025-12-10T12:00:00.000+08:00,0,-0.10290694081135765
STN_0003,2025-12-10T13:00:00.000+08:00,0,-0.11616512447101845
STN_0003,2025-12-10T14:00:00.000+08:00,-1,-0.7352672615158997
STN_0003,2025-12-10T15:00:00.000+08:00,0,-0.1214072073769894
STN_0003,2025-12-10T16:00:00.000+08:00,0,-0.08644905309071976
STN_0003,2025-12-10T17:00:00.000+08:00,-1,-0.08401372896635873
STN_0003,2025-12-10T18:00:00.000+08:00,-1,-0.1678461494745446
STN_0003,2025-12-10T19:00:00.000+08:00,1,-0.8058677156246543
STN_0003,2025-12-10T20:00:00.000+08:00,2,-0.9570602522969573
STN_0003,2025-12-10T21:00:00.000+08:00,-2,-2.3995389925534827
STN_0003,2025-12-10T22:00:00.000+08:00,1,-0.5110998115907162
STN_0003,2025-12-10T23:00:00.000+08:00,-3,-0.602660169314154
STN_0003,2025-12-11T00:00:00.000+08:00,3,-0.2841086063627891
STN_0003,2025-12-11T01:00:00.000+08:00,3,0.16232838310248132
STN_0003,2025-12-11T02:00:00.000+08:00,2,0.17596701804221837
STN_0003,2025-12-11T03:00:00.000+08:00,1,0.22377649175022452
STN_0003,2025-12-11T04:00:00.000+08:00,1,0.6094886319195219
STN_0003,2025-12-11T05:00:00.000+08:00,-2,1.0242273215515008
STN_0003,2025-12-11T06:00:00.000+08:00,1,1.3072516830022227
STN_0003,2025-12-11T07:00:00.000+08:00,0,0.11389781681242495
STN_0003,2025-12-11T08:00:00.000+08:00,0,0.10325146582210509
STN_0003,2025-12-11T09:00:00.000+08:00,-6,0.351067022923258
STN_0003,2025-12-11T10:00:00.000+08:00,5,0.10572302584671034
STN_0003,2025-12-11T11:00:00.000+08:00,-1,0.009596041698876956
STN_0003,2025-12-11T12:00:00.000+08:00,0,0.2830371429771126
STN_0003,2025-12-11T13:00:00.000+08:00,-1,-0.09715797770509815
STN_0003,2025-12-11T14:00:00.000+08:00,0,-0.24922372103120316
STN_0003,2025-12-11T15:00:00.000+08:00,0,0.09309062887044706
STN_0003,2025-12-11T16:00:00.000+08:00,0,-0.13039988908204506
STN_0003,2025-12-11T17:00:00.000+08:00,0,-9.143211162748952E-4
STN_0003,2025-12-11T18:00:00.000+08:00,-1,-0.22789001457064523
STN_0003,2025-12-11T19:00:00.000+08:00,1,-0.007584780132690205
STN_0003,2025-12-11T20:00:00.000+08:00,-1,-0.7621746976158937
STN_0003,2025-12-11T21:00:00.000+08:00,-1,-0.8456286413494383
STN_0003,2025-12-11T22:00:00.000+08:00,3,-0.21272020175273187
STN_0003,2025-12-11T23:00:00.000+08:00,3,0.10632854289052585
STN_0003,2025-12-12T00:00:00.000+08:00,0,-0.059415802853980626
STN_0003,2025-12-12T01:00:00.000+08:00,-1,-0.015511188095724382
STN_0003,2025-12-12T02:00:00.000+08:00,-1,0.13944534874281844
STN_0003,2025-12-12T03:00:00.000+08:00,-1,0.026130347534554232
STN_0003,2025-12-12T04:00:00.000+08:00,-1,-0.18794909292463058
STN_0003,2025-12-12T05:00:00.000+08:00,0,0.24423835927588167
STN_0003,2025-12-12T06:00:00.000+08:00,-3,-0.6723839481639831
STN_0003,2025-12-12T07:00:00.000+08:00,3,-0.1687034729099235
STN_0003,2025-12-12T08:00:00.000+08:00,4,0.16577251519995917
STN_0003,2025-12-12T09:00:00.000+08:00,-2,-0.20250413920072297
STN_0003,2025-12-12T10:00:00.000+08:00,-1,0.4879160532998157
STN_0003,2025-12-12T11:00:00.000+08:00,0,0.3211973479244188
STN_0003,2025-12-12T12:00:00.000+08:00,0,0.11301068002220771
STN_0003,2025-12-12T13:00:00.000+08:00,1,0.8797442886320368
STN_0003,2025-12-12T14:00:00.000+08:00,0,-0.3982112341968744
STN_0003,2025-12-12T15:00:00.000+08:00,0,-0.15655929230522614
STN_0003,2025-12-12T16:00:00.000+08:00,0,-0.0029881774924680887
STN_0003,2025-12-12T17:00:00.000+08:00,-1,-0.12396596422781139
STN_0003,2025-12-12T18:00:00.000+08:00,-1,-0.2701397793995087
STN_0003,2025-12-12T19:00:00.000+08:00,0,-0.5072343885699232
STN_0003,2025-12-12T20:00:00.000+08:00,0,-1.144541329847864
STN_0003,2025-12-12T21:00:00.000+08:00,-3,-1.7896556566736175
STN_0003,2025-12-12T22:00:00.000+08:00,-2,-1.682999322328988
STN_0003,2025-12-12T23:00:00.000+08:00,1,-1.4640599865760837
STN_0003,2025-12-13T00:00:00.000+08:00,1,-0.654809559376127
STN_0003,2025-12-13T01:00:00.000+08:00,-2,-0.27185448866082895
STN_0003,2025-12-13T02:00:00.000+08:00,-1,-0.25542260624142665
STN_0003,2025-12-13T03:00:00.000+08:00,-4,-0.23885991896652747
STN_0003,2025-12-13T04:00:00.000+08:00,-2,-0.6595339507579547
STN_0003,2025-12-13T05:00:00.000+08:00,2,-1.0356952060485014
STN_0003,2025-12-13T06:00:00.000+08:00,3,-0.2240111616463074
STN_0003,2025-12-13T07:00:00.000+08:00,-3,-0.5310027557830952
STN_0003,2025-12-13T08:00:00.000+08:00,3,0.2137488746124716
STN_0003,2025-12-13T09:00:00.000+08:00,-1,0.08888028698900552
STN_0003,2025-12-13T10:00:00.000+08:00,0,0.42792336940599895
STN_0003,2025-12-13T11:00:00.000+08:00,0,0.34252149451046066
STN_0003,2025-12-13T12:00:00.000+08:00,-1,0.06901120024566199
STN_0003,2025-12-13T13:00:00.000+08:00,1,0.11128835262879555
STN_0003,2025-12-13T14:00:00.000+08:00,-1,-0.19325754769564918
STN_0003,2025-12-13T15:00:00.000+08:00,-1,-0.2276330013383499
STN_0003,2025-12-13T16:00:00.000+08:00,0,-0.1351288333845161
STN_0003,2025-12-13T17:00:00.000+08:00,0,-0.20473768950865495
STN_0003,2025-12-13T18:00:00.000+08:00,0,-0.2407686038756841
STN_0003,2025-12-13T19:00:00.000+08:00,-2,-1.0443477816023647
STN_0003,2025-12-13T20:00:00.000+08:00,0,-0.5906587965077582
STN_0003,2025-12-13T21:00:00.000+08:00,0,-0.8307106455331036
STN_0003,2025-12-13T22:00:00.000+08:00,1,-0.07123339272315476
STN_0003,2025-12-13T23:00:00.000+08:00,-3,-0.9575318108794788
STN_0003,2025-12-14T00:00:00.000+08:00,0,-0.6333690532396274
STN_0003,2025-12-14T01:00:00.000+08:00,2,0.448591446177635
STN_0003,2025-12-14T02:00:00.000+08:00,0,-0.2961434417340585
STN_0003,2025-12-14T03:00:00.000+08:00,0,-0.20166993469786654
STN_0003,2025-12-14T04:00:00.000+08:00,-1,-0.35141206447902995
STN_0003,2025-12-14T05:00:00.000+08:00,0,0.2865086594285202
STN_0003,2025-12-14T06:00:00.000+08:00,1,0.5614253067740056
STN_0003,2025-12-14T07:00:00.000+08:00,0,-0.020339931962994884
STN_0003,2025-12-14T08:00:00.000+08:00,-1,0.05751856419138357
STN_0003,2025-12-14T09:00:00.000+08:00,-1,0.22278860173501092
STN_0003,2025-12-14T10:00:00.000+08:00,0,0.3267860529900537
STN_0003,2025-12-14T11:00:00.000+08:00,-2,0.04357331492334526
STN_0003,2025-12-14T12:00:00.000+08:00,-1,-0.19221903042990307
STN_0003,2025-12-14T13:00:00.000+08:00,-1,-0.482314062679964
STN_0003,2025-12-14T14:00:00.000+08:00,-1,-0.820657776616772
STN_0003,2025-12-14T15:00:00.000+08:00,0,-0.4672173779437424
STN_0003,2025-12-14T16:00:00.000+08:00,0,-0.4102958312624056
STN_0003,2025-12-14T17:00:00.000+08:00,1,-0.23264335401989777
STN_0003,2025-12-14T18:00:00.000+08:00,2,-0.1615349123794154
STN_0003,2025-12-14T19:00:00.000+08:00,-2,-0.28744995988997357
STN_0003,2025-12-14T20:00:00.000+08:00,0,0.004591946168814975
STN_0003,2025-12-14T21:00:00.000+08:00,1,0.8499431889147416
STN_0003,2025-12-14T22:00:00.000+08:00,2,1.2705136753068311
STN_0003,2025-12-14T23:00:00.000+08:00,0,0.547604575981955
STN_0003,2025-12-15T00:00:00.000+08:00,1,0.12886357381791447
STN_0003,2025-12-15T01:00:00.000+08:00,0,0.11791109090550123
STN_0003,2025-12-15T02:00:00.000+08:00,-3,0.12347644309871875
STN_0003,2025-12-15T03:00:00.000+08:00,6,0.9664459663304621
STN_0003,2025-12-15T04:00:00.000+08:00,-2,-0.26554400375339293
STN_0003,2025-12-15T05:00:00.000+08:00,-3,0.1517442155989266
STN_0003,2025-12-15T06:00:00.000+08:00,0,-0.09352016039228461
STN_0003,2025-12-15T07:00:00.000+08:00,0,-0.127916207459577
STN_0003,2025-12-15T08:00:00.000+08:00,-1,0.051947026021106346
STN_0003,2025-12-15T09:00:00.000+08:00,1,0.12052180542239843
STN_0003,2025-12-15T10:00:00.000+08:00,-1,0.2512988461208019
STN_0003,2025-12-15T11:00:00.000+08:00,0,0.3956601949019465
STN_0003,2025-12-15T12:00:00.000+08:00,0,0.20839177542386728
STN_0003,2025-12-15T13:00:00.000+08:00,0,0.08259884332147666
STN_0003,2025-12-15T14:00:00.000+08:00,0,0.029422750690457106
STN_0003,2025-12-15T15:00:00.000+08:00,0,-0.03007268616910745
STN_0003,2025-12-15T16:00:00.000+08:00,0,-0.018230684255753096
STN_0003,2025-12-15T17:00:00.000+08:00,0,-0.0035425151435458865
STN_0003,2025-12-15T18:00:00.000+08:00,-1,-0.0384836338624696
STN_0003,2025-12-15T19:00:00.000+08:00,0,-0.07208631883096728
STN_0003,2025-12-15T20:00:00.000+08:00,2,0.3728608080948117
STN_0003,2025-12-15T21:00:00.000+08:00,-6,-2.8712381929732977
STN_0003,2025-12-15T22:00:00.000+08:00,1,-0.2829222662475712
STN_0003,2025-12-15T23:00:00.000+08:00,-1,-0.8430863222531442
STN_0003,2025-12-16T00:00:00.000+08:00,0,-0.17447030853585677
STN_0003,2025-12-16T01:00:00.000+08:00,-1,-0.07366184467499037
STN_0003,2025-12-16T02:00:00.000+08:00,6,0.25344147533796857
STN_0003,2025-12-16T03:00:00.000+08:00,4,-0.11959353871130718
STN_0003,2025-12-16T04:00:00.000+08:00,1,0.12596586754258032
STN_0003,2025-12-16T05:00:00.000+08:00,2,1.3761477212680067
STN_0003,2025-12-16T06:00:00.000+08:00,-4,1.7184942462124821
STN_0003,2025-12-16T07:00:00.000+08:00,1,1.2139634575972487
STN_0003,2025-12-16T08:00:00.000+08:00,1,0.4480567881358861
STN_0003,2025-12-16T09:00:00.000+08:00,1,0.11881997454221471
STN_0003,2025-12-16T10:00:00.000+08:00,1,0.04338339841536465
STN_0003,2025-12-16T11:00:00.000+08:00,0,0.2619350099154316
STN_0003,2025-12-16T12:00:00.000+08:00,-1,0.6627490420870504
STN_0003,2025-12-16T13:00:00.000+08:00,0,0.22467736377849556
STN_0003,2025-12-16T14:00:00.000+08:00,0,-0.06883579325956124
STN_0003,2025-12-16T15:00:00.000+08:00,0,-0.06451874867676022
STN_0003,2025-12-16T16:00:00.000+08:00,0,-0.07133089953402358
STN_0003,2025-12-16T17:00:00.000+08:00,0,-0.1549609042746999
STN_0003,2025-12-16T18:00:00.000+08:00,-1,-0.218997998271949
STN_0003,2025-12-16T19:00:00.000+08:00,1,-0.13711984505415753
STN_0003,2025-12-16T20:00:00.000+08:00,-3,-1.9423327075752983
STN_0003,2025-12-16T21:00:00.000+08:00,0,-2.5939213080762618
STN_0003,2025-12-16T22:00:00.000+08:00,1,-0.7141731688669366
STN_0003,2025-12-16T23:00:00.000+08:00,-1,-0.5771214918008924
STN_0003,2025-12-17T00:00:00.000+08:00,0,-0.4418569475634535
STN_0003,2025-12-17T01:00:00.000+08:00,1,-0.11271403161575
STN_0003,2025-12-17T02:00:00.000+08:00,0,-0.21082397008669673
STN_0003,2025-12-17T03:00:00.000+08:00,-2,-0.36653743308929077
STN_0003,2025-12-17T04:00:00.000+08:00,-1,-0.2639778714147245
STN_0003,2025-12-17T05:00:00.000+08:00,3,0.19730634747363762
STN_0003,2025-12-17T06:00:00.000+08:00,-3,0.3643962182884781
STN_0003,2025-12-17T07:00:00.000+08:00,-1,0.25350062624271263
STN_0003,2025-12-17T08:00:00.000+08:00,1,-0.22828780703573948
STN_0003,2025-12-17T09:00:00.000+08:00,-1,-0.006428531444312213
STN_0003,2025-12-17T10:00:00.000+08:00,-1,0.2001763746717784
STN_0003,2025-12-17T11:00:00.000+08:00,0,0.20489538139880903
STN_0003,2025-12-17T12:00:00.000+08:00,1,0.3908854285016323
STN_0003,2025-12-17T13:00:00.000+08:00,0,0.004308997531704106
STN_0003,2025-12-17T14:00:00.000+08:00,1,-0.27903993680888195
STN_0003,2025-12-17T15:00:00.000+08:00,0,-0.09584189492129769
STN_0003,2025-12-17T16:00:00.000+08:00,0,0.0972481317137171
STN_0003,2025-12-17T17:00:00.000+08:00,0,-0.03229046242813238
STN_0003,2025-12-17T18:00:00.000+08:00,-1,-0.0779437954852126
STN_0003,2025-12-17T19:00:00.000+08:00,3,0.9027297874432456
STN_0003,2025-12-17T20:00:00.000+08:00,-2,-1.5305591384424155
STN_0003,2025-12-17T21:00:00.000+08:00,-5,-3.1028000069372252
STN_0003,2025-12-17T22:00:00.000+08:00,-1,-0.9003210176337593
STN_0003,2025-12-17T23:00:00.000+08:00,0,-0.8778876474610118
STN_0003,2025-12-18T00:00:00.000+08:00,-3,-0.9821110968887985
STN_0003,2025-12-18T01:00:00.000+08:00,2,-0.3941092781392572
STN_0003,2025-12-18T02:00:00.000+08:00,3,-0.559915432701835
STN_0003,2025-12-18T03:00:00.000+08:00,-2,-0.8313466167599635
STN_0003,2025-12-18T04:00:00.000+08:00,2,-0.04480671885034315
STN_0003,2025-12-18T05:00:00.000+08:00,0,0.05252947941236119
STN_0003,2025-12-18T06:00:00.000+08:00,3,0.9354887882099474
STN_0003,2025-12-18T07:00:00.000+08:00,0,0.8375921801525896
STN_0003,2025-12-18T08:00:00.000+08:00,0,2.227339809097728E-4
STN_0003,2025-12-18T09:00:00.000+08:00,2,0.42121740947181063
STN_0003,2025-12-18T10:00:00.000+08:00,-1,0.166696850496435
STN_0003,2025-12-18T11:00:00.000+08:00,2,0.6008725927015426
STN_0003,2025-12-18T12:00:00.000+08:00,-1,0.09682518428001563
STN_0003,2025-12-18T13:00:00.000+08:00,0,0.07404939388794807
STN_0003,2025-12-18T14:00:00.000+08:00,0,0.03646849526852569
STN_0003,2025-12-18T15:00:00.000+08:00,0,-0.059845183118148626
STN_0003,2025-12-18T16:00:00.000+08:00,0,-0.031955092692899534
STN_0003,2025-12-18T17:00:00.000+08:00,0,0.024338864190233636
STN_0003,2025-12-18T18:00:00.000+08:00,0,-0.011017640886326799
STN_0003,2025-12-18T19:00:00.000+08:00,-2,-0.5087334180153369
STN_0003,2025-12-18T20:00:00.000+08:00,-2,-2.4311006869243594
STN_0003,2025-12-18T21:00:00.000+08:00,-5,-5.711355970286112
STN_0003,2025-12-18T22:00:00.000+08:00,-1,-1.0743421735155607
STN_0003,2025-12-18T23:00:00.000+08:00,-1,-1.283389842985493
STN_0003,2025-12-19T00:00:00.000+08:00,0,-0.6625710672742389
STN_0003,2025-12-19T01:00:00.000+08:00,2,-0.2609653593690946
STN_0003,2025-12-19T02:00:00.000+08:00,3,-0.3451674887306906
STN_0003,2025-12-19T03:00:00.000+08:00,2,-0.11864986780300679
STN_0003,2025-12-19T04:00:00.000+08:00,-1,-0.09830143523935853
STN_0003,2025-12-19T05:00:00.000+08:00,-1,0.7166536621807351
STN_0003,2025-12-19T06:00:00.000+08:00,-4,1.121539209561127
STN_0003,2025-12-19T07:00:00.000+08:00,-4,0.8537990559573663
STN_0003,2025-12-19T08:00:00.000+08:00,6,0.7336356282857972
STN_0003,2025-12-19T09:00:00.000+08:00,0,-0.6488791491022203
STN_0003,2025-12-19T10:00:00.000+08:00,0,0.043463638574501307
STN_0003,2025-12-19T11:00:00.000+08:00,2,0.11776000732736147
STN_0003,2025-12-19T12:00:00.000+08:00,0,-0.1626644983585841
STN_0003,2025-12-19T13:00:00.000+08:00,3,0.46465534955348664
STN_0003,2025-12-19T14:00:00.000+08:00,1,-0.2856396856266117
STN_0003,2025-12-19T15:00:00.000+08:00,0,-0.1895986788444084
STN_0003,2025-12-19T16:00:00.000+08:00,-2,-0.24718653907578314
STN_0003,2025-12-19T17:00:00.000+08:00,-1,0.026819533262935846
STN_0003,2025-12-19T18:00:00.000+08:00,0,-0.09253313542152408
STN_0003,2025-12-19T19:00:00.000+08:00,1,-0.215966835064759
STN_0003,2025-12-19T20:00:00.000+08:00,0,-1.3433236039609626
STN_0003,2025-12-19T21:00:00.000+08:00,-4,-1.8421970072874867
STN_0003,2025-12-19T22:00:00.000+08:00,2,-0.6251586418017796
STN_0003,2025-12-19T23:00:00.000+08:00,5,-0.4471780368063554
STN_0003,2025-12-20T00:00:00.000+08:00,0,-0.6321989470626179
STN_0003,2025-12-20T01:00:00.000+08:00,-1,-0.12104875640187673
STN_0003,2025-12-20T02:00:00.000+08:00,0,0.12506186756616655
STN_0003,2025-12-20T03:00:00.000+08:00,-1,-0.2470547300861199
STN_0003,2025-12-20T04:00:00.000+08:00,-3,-0.3342417696562894
STN_0003,2025-12-20T05:00:00.000+08:00,1,-0.9073826077408493
STN_0003,2025-12-20T06:00:00.000+08:00,-3,-0.3935167740832952
STN_0003,2025-12-20T07:00:00.000+08:00,0,0.3193248647429945
STN_0003,2025-12-20T08:00:00.000+08:00,2,-0.06887402573322765
STN_0003,2025-12-20T09:00:00.000+08:00,-1,0.079927850663009
STN_0003,2025-12-20T10:00:00.000+08:00,-1,0.4415639899224466
STN_0003,2025-12-20T11:00:00.000+08:00,0,0.44496044354260755
STN_0003,2025-12-20T12:00:00.000+08:00,-1,0.4668982887198041
STN_0003,2025-12-20T13:00:00.000+08:00,2,0.3623267411316885
STN_0003,2025-12-20T14:00:00.000+08:00,0,-0.07504353743238878
STN_0003,2025-12-20T15:00:00.000+08:00,0,-0.15966421527713226
STN_0003,2025-12-20T16:00:00.000+08:00,0,-0.11255112852792365
STN_0003,2025-12-20T17:00:00.000+08:00,0,-0.07534086790672034
STN_0003,2025-12-20T18:00:00.000+08:00,0,-0.10495769659721255
STN_0003,2025-12-20T19:00:00.000+08:00,0,-0.15305596098501495
STN_0003,2025-12-20T20:00:00.000+08:00,-1,-0.8428021792307815
STN_0003,2025-12-20T21:00:00.000+08:00,-1,-0.5585090364478709
STN_0003,2025-12-20T22:00:00.000+08:00,-3,-1.5029672079240786
STN_0003,2025-12-20T23:00:00.000+08:00,3,-0.11260047007333962
STN_0003,2025-12-21T00:00:00.000+08:00,1,-0.7116551218650606
STN_0003,2025-12-21T01:00:00.000+08:00,0,-0.6155885896058173
STN_0003,2025-12-21T02:00:00.000+08:00,0,-0.10368587575773924
STN_0003,2025-12-21T03:00:00.000+08:00,4,-0.05572518403131976
STN_0003,2025-12-21T04:00:00.000+08:00,-3,-0.2511219743235813
STN_0003,2025-12-21T05:00:00.000+08:00,-3,-0.0024373974110827312
STN_0003,2025-12-21T06:00:00.000+08:00,1,-0.23881427562042656
STN_0003,2025-12-21T07:00:00.000+08:00,0,-0.22351594044020784
STN_0003,2025-12-21T08:00:00.000+08:00,1,-0.34781077712953934
STN_0003,2025-12-21T09:00:00.000+08:00,1,0.3165916026414002
STN_0003,2025-12-21T10:00:00.000+08:00,0,0.26319583418677994
STN_0003,2025-12-21T11:00:00.000+08:00,0,0.325209574326923
STN_0003,2025-12-21T12:00:00.000+08:00,3,0.47868790669986927
STN_0003,2025-12-21T13:00:00.000+08:00,0,0.29435925610968805
STN_0003,2025-12-21T14:00:00.000+08:00,-1,0.08136151781839707
STN_0003,2025-12-21T15:00:00.000+08:00,-1,-0.08427630096178934
STN_0003,2025-12-21T16:00:00.000+08:00,-1,-0.20352590897848455
STN_0003,2025-12-21T17:00:00.000+08:00,-1,-0.22944645260746382
STN_0003,2025-12-21T18:00:00.000+08:00,0,-0.3474973343842515
STN_0003,2025-12-21T19:00:00.000+08:00,0,-0.9143766399618994
STN_0003,2025-12-21T20:00:00.000+08:00,0,-0.9370129489090644
STN_0003,2025-12-21T21:00:00.000+08:00,0,-0.44788245774972496
STN_0003,2025-12-21T22:00:00.000+08:00,-2,-0.5190686473533952
STN_0003,2025-12-21T23:00:00.000+08:00,-1,-0.3301735782713253
STN_0003,2025-12-22T00:00:00.000+08:00,3,0.3762094486525768
STN_0003,2025-12-22T01:00:00.000+08:00,-4,-0.7392442648113409
STN_0003,2025-12-22T02:00:00.000+08:00,2,-0.41743355145437233
STN_0003,2025-12-22T03:00:00.000+08:00,0,-0.8138869838926355
STN_0003,2025-12-22T04:00:00.000+08:00,0,-0.31175374163043124
STN_0003,2025-12-22T05:00:00.000+08:00,2,0.5330868310099008
STN_0003,2025-12-22T06:00:00.000+08:00,2,0.20804644687139007
STN_0003,2025-12-22T07:00:00.000+08:00,1,0.30131767243041807
STN_0003,2025-12-22T08:00:00.000+08:00,0,0.8061062441058886
STN_0003,2025-12-22T09:00:00.000+08:00,-1,0.7261832134481754
STN_0003,2025-12-22T10:00:00.000+08:00,0,0.6909588985111139
STN_0003,2025-12-22T11:00:00.000+08:00,0,0.39830583221329496
STN_0003,2025-12-22T12:00:00.000+08:00,2,0.37150249530456403
STN_0003,2025-12-22T13:00:00.000+08:00,0,0.17672674073669775
STN_0003,2025-12-22T14:00:00.000+08:00,0,0.13162850053900532
STN_0003,2025-12-22T15:00:00.000+08:00,0,0.10002157449421029
STN_0003,2025-12-22T16:00:00.000+08:00,0,0.09159625422268539
STN_0003,2025-12-22T17:00:00.000+08:00,0,0.07688915387502276
STN_0003,2025-12-22T18:00:00.000+08:00,0,-0.011328894374560965
STN_0003,2025-12-22T19:00:00.000+08:00,0,0.040657044533182474
STN_0003,2025-12-22T20:00:00.000+08:00,-2,-0.5365385305178588
STN_0003,2025-12-22T21:00:00.000+08:00,-4,-2.9916146933713472
STN_0003,2025-12-22T22:00:00.000+08:00,-6,-1.9013714505565749
STN_0003,2025-12-22T23:00:00.000+08:00,2,-0.8242710749680024
STN_0003,2025-12-23T00:00:00.000+08:00,2,-1.0595702461648515
STN_0003,2025-12-23T01:00:00.000+08:00,3,-0.4453876904090923
STN_0003,2025-12-23T02:00:00.000+08:00,0,-0.4549086867600818
STN_0003,2025-12-23T03:00:00.000+08:00,2,0.11685304542033759
STN_0003,2025-12-23T04:00:00.000+08:00,-1,0.6379622291970608
STN_0003,2025-12-23T05:00:00.000+08:00,2,0.9279309612880948
STN_0003,2025-12-23T06:00:00.000+08:00,-3,-0.1272547347434685
STN_0003,2025-12-23T07:00:00.000+08:00,1,0.043269136746713066
STN_0003,2025-12-23T08:00:00.000+08:00,-3,0.06241632611941261
STN_0003,2025-12-23T09:00:00.000+08:00,0,-0.4839518783512671
STN_0003,2025-12-23T10:00:00.000+08:00,0,-0.2122297695743416
STN_0003,2025-12-23T11:00:00.000+08:00,1,-0.03542075519727983
STN_0003,2025-12-23T12:00:00.000+08:00,0,0.2619830903763519
STN_0003,2025-12-23T13:00:00.000+08:00,-1,-0.23703746368661804
STN_0003,2025-12-23T14:00:00.000+08:00,0,0.033499130303882685
STN_0003,2025-12-23T15:00:00.000+08:00,0,0.03596528323906209
STN_0003,2025-12-23T16:00:00.000+08:00,0,0.03496074218728957
STN_0003,2025-12-23T17:00:00.000+08:00,0,0.02449709003016698
STN_0003,2025-12-23T18:00:00.000+08:00,0,0.016780409380852276
STN_0003,2025-12-23T19:00:00.000+08:00,0,-0.13893177562649583
STN_0003,2025-12-23T20:00:00.000+08:00,0,-0.1340200452049961
STN_0003,2025-12-23T21:00:00.000+08:00,-2,-0.7558741844416372
STN_0003,2025-12-23T22:00:00.000+08:00,0,-0.21123098095648074
STN_0003,2025-12-23T23:00:00.000+08:00,0,-0.31970926479839434
STN_0003,2025-12-24T00:00:00.000+08:00,3,-0.16039293046362113
STN_0003,2025-12-24T01:00:00.000+08:00,0,-0.45198861305252924
STN_0003,2025-12-24T02:00:00.000+08:00,0,-0.012417822868783013
STN_0003,2025-12-24T03:00:00.000+08:00,1,0.19240701718750897
STN_0003,2025-12-24T04:00:00.000+08:00,1,0.2610221907788941
STN_0003,2025-12-24T05:00:00.000+08:00,0,1.0135996594237355
STN_0003,2025-12-24T06:00:00.000+08:00,1,0.6572762970161725
STN_0003,2025-12-24T07:00:00.000+08:00,0,0.26361569723044664
STN_0003,2025-12-24T08:00:00.000+08:00,-2,-0.04387198988246177
STN_0003,2025-12-24T09:00:00.000+08:00,-2,0.2987216072086959
STN_0003,2025-12-24T10:00:00.000+08:00,-1,0.166789655129162
STN_0003,2025-12-24T11:00:00.000+08:00,-1,-0.07589041554345188
STN_0003,2025-12-24T12:00:00.000+08:00,0,-0.0993920662496175
STN_0003,2025-12-24T13:00:00.000+08:00,0,-0.25716170924396853
STN_0003,2025-12-24T14:00:00.000+08:00,0,-0.28303645514872666
STN_0003,2025-12-24T15:00:00.000+08:00,0,-0.16344724527117901
STN_0003,2025-12-24T16:00:00.000+08:00,0,-0.04146042603503866
STN_0003,2025-12-24T17:00:00.000+08:00,0,-0.003318866534690247
STN_0003,2025-12-24T18:00:00.000+08:00,0,-0.008681959681749195
STN_0003,2025-12-24T19:00:00.000+08:00,0,-0.010628434225070066
STN_0003,2025-12-24T20:00:00.000+08:00,0,-0.08215121936804923
STN_0003,2025-12-24T21:00:00.000+08:00,0,-0.1469227367588345
STN_0003,2025-12-24T22:00:00.000+08:00,1,0.4518472946870723
STN_0003,2025-12-24T23:00:00.000+08:00,-1,0.017559981670989155
STN_0003,2025-12-25T00:00:00.000+08:00,0,0.2113270757701362
STN_0003,2025-12-25T01:00:00.000+08:00,1,0.08408057112185352
STN_0003,2025-12-25T02:00:00.000+08:00,4,0.07143616705639788
STN_0003,2025-12-25T03:00:00.000+08:00,-3,-0.15340547574231378
STN_0003,2025-12-25T04:00:00.000+08:00,1,0.5307777723429941
STN_0003,2025-12-25T05:00:00.000+08:00,1,0.5414754828510762
STN_0003,2025-12-25T06:00:00.000+08:00,-2,0.029899414010186476
STN_0003,2025-12-25T07:00:00.000+08:00,-2,-0.16843829886902473
STN_0003,2025-12-25T08:00:00.000+08:00,0,-0.3963538485752467
STN_0003,2025-12-25T09:00:00.000+08:00,1,0.1528381855514822
STN_0003,2025-12-25T10:00:00.000+08:00,0,-0.01783559239909177
STN_0003,2025-12-25T11:00:00.000+08:00,0,-0.03572230847786928
STN_0003,2025-12-25T12:00:00.000+08:00,0,0.09898618271593423
STN_0003,2025-12-25T13:00:00.000+08:00,0,0.2174620291611505
STN_0003,2025-12-25T14:00:00.000+08:00,0,0.16982235533509224
STN_0003,2025-12-25T15:00:00.000+08:00,0,-0.006125032470501057
STN_0003,2025-12-25T16:00:00.000+08:00,0,0.0024293898637569936
STN_0003,2025-12-25T17:00:00.000+08:00,0,-0.011055539065998536
STN_0003,2025-12-25T18:00:00.000+08:00,0,-0.010627335974889705
STN_0003,2025-12-25T19:00:00.000+08:00,0,0.09631769280784265
STN_0003,2025-12-25T20:00:00.000+08:00,0,0.025455664055576116
STN_0003,2025-12-25T21:00:00.000+08:00,0,0.4070428395383578
STN_0003,2025-12-25T22:00:00.000+08:00,-1,0.23142224853383836
STN_0003,2025-12-25T23:00:00.000+08:00,0,0.014095641162569006
STN_0003,2025-12-26T00:00:00.000+08:00,0,-0.033345263992770824
STN_0003,2025-12-26T01:00:00.000+08:00,1,0.061070159169081206
STN_0003,2025-12-26T02:00:00.000+08:00,0,0.04198365023520112
STN_0003,2025-12-26T03:00:00.000+08:00,1,0.05182961693686394
STN_0003,2025-12-26T04:00:00.000+08:00,0,0.33944297939512535
STN_0003,2025-12-26T05:00:00.000+08:00,2,0.7267490303172898
STN_0003,2025-12-26T06:00:00.000+08:00,0,0.4816911184696877
STN_0003,2025-12-26T07:00:00.000+08:00,2,0.6091347263710132
STN_0003,2025-12-26T08:00:00.000+08:00,-1,0.3730445117734995
STN_0003,2025-12-26T09:00:00.000+08:00,1,0.4974868042101065
STN_0003,2025-12-26T10:00:00.000+08:00,0,0.5233833657454026
STN_0003,2025-12-26T11:00:00.000+08:00,0,0.2345098470277036
STN_0003,2025-12-26T12:00:00.000+08:00,0,0.12218993383516968
STN_0003,2025-12-26T13:00:00.000+08:00,0,0.004198735131676623
STN_0003,2025-12-26T14:00:00.000+08:00,0,0.09874000408391098
STN_0003,2025-12-26T15:00:00.000+08:00,0,0.05961275834190373
STN_0003,2025-12-26T16:00:00.000+08:00,0,-0.005427067439313843
STN_0003,2025-12-26T17:00:00.000+08:00,0,1.1557615368195523E-4
STN_0003,2025-12-26T18:00:00.000+08:00,-1,-0.010058620268991944
STN_0003,2025-12-26T19:00:00.000+08:00,-1,-0.5049387626789131
STN_0003,2025-12-26T20:00:00.000+08:00,0,-0.40636871819160114
STN_0003,2025-12-26T21:00:00.000+08:00,0,-0.6127643098704838
STN_0003,2025-12-26T22:00:00.000+08:00,0,-0.3212607463608444
STN_0003,2025-12-26T23:00:00.000+08:00,-2,-1.201487479360812
STN_0003,2025-12-27T00:00:00.000+08:00,-2,-0.704992556103177
STN_0003,2025-12-27T01:00:00.000+08:00,1,-0.24270390719365664
STN_0003,2025-12-27T02:00:00.000+08:00,1,-0.37875963958262227
STN_0003,2025-12-27T03:00:00.000+08:00,2,0.1953132287717756
STN_0003,2025-12-27T04:00:00.000+08:00,0,0.3788488280004443
STN_0003,2025-12-27T05:00:00.000+08:00,1,0.4849370218450214
STN_0003,2025-12-27T06:00:00.000+08:00,-1,0.6456614384353341
STN_0003,2025-12-27T07:00:00.000+08:00,-2,0.3497257140056087
STN_0003,2025-12-27T08:00:00.000+08:00,1,0.21489881121095378
STN_0003,2025-12-27T09:00:00.000+08:00,1,0.035556895101970465
STN_0003,2025-12-27T10:00:00.000+08:00,1,0.19655396731806152
STN_0003,2025-12-27T11:00:00.000+08:00,0,0.0057293570463756716
STN_0003,2025-12-27T12:00:00.000+08:00,0,0.15231693957440728
STN_0003,2025-12-27T13:00:00.000+08:00,-1,0.16684449442577115
STN_0003,2025-12-27T14:00:00.000+08:00,0,0.013945425649224352
STN_0003,2025-12-27T15:00:00.000+08:00,0,-0.10960325397629084
STN_0003,2025-12-27T16:00:00.000+08:00,-2,-0.30335748319357475
STN_0003,2025-12-27T17:00:00.000+08:00,0,-0.25462343622351613
STN_0003,2025-12-27T18:00:00.000+08:00,0,-0.3775344701644537
STN_0003,2025-12-27T19:00:00.000+08:00,0,-0.5416305039011371
STN_0003,2025-12-27T20:00:00.000+08:00,-1,-1.0177957606910406
STN_0003,2025-12-27T21:00:00.000+08:00,1,-0.7756041057954536
STN_0003,2025-12-27T22:00:00.000+08:00,2,1.0040518248702697
STN_0003,2025-12-27T23:00:00.000+08:00,-2,0.20117044601826917
STN_0003,2025-12-28T00:00:00.000+08:00,1,0.8993396174282094
STN_0003,2025-12-28T01:00:00.000+08:00,1,0.5194839105229236
STN_0003,2025-12-28T02:00:00.000+08:00,-1,0.753463497640628
STN_0003,2025-12-28T03:00:00.000+08:00,0,0.6013220841540869
STN_0003,2025-12-28T04:00:00.000+08:00,2,6.052067451984833E-4
STN_0003,2025-12-28T05:00:00.000+08:00,0,0.4003825270193593
STN_0003,2025-12-28T06:00:00.000+08:00,0,0.6289866035623954
STN_0003,2025-12-28T07:00:00.000+08:00,-1,0.12524193269550665
STN_0003,2025-12-28T08:00:00.000+08:00,2,0.5903003909299187
STN_0003,2025-12-28T09:00:00.000+08:00,2,0.4939706612466781
STN_0003,2025-12-28T10:00:00.000+08:00,1,0.3830274662425366
STN_0003,2025-12-28T11:00:00.000+08:00,0,0.7207039523767388
STN_0003,2025-12-28T12:00:00.000+08:00,-1,0.29711617481018543
STN_0003,2025-12-28T13:00:00.000+08:00,0,0.5002997801510396
STN_0003,2025-12-28T14:00:00.000+08:00,0,0.10076455724740346
STN_0003,2025-12-28T15:00:00.000+08:00,-1,-0.24406868381285793
STN_0003,2025-12-28T16:00:00.000+08:00,0,-0.2770710186240901
STN_0003,2025-12-28T17:00:00.000+08:00,0,-0.2673785666497472
STN_0003,2025-12-28T18:00:00.000+08:00,0,-0.03537793935256514
STN_0003,2025-12-28T19:00:00.000+08:00,0,0.014730621168979746
STN_0003,2025-12-28T20:00:00.000+08:00,0,-0.09291736371028417
STN_0003,2025-12-28T21:00:00.000+08:00,0,0.10320278150805354
STN_0003,2025-12-28T22:00:00.000+08:00,1,0.2863905294360831
STN_0003,2025-12-28T23:00:00.000+08:00,1,0.41627526977660934
STN_0003,2025-12-29T00:00:00.000+08:00,-2,0.3225204622163683
STN_0003,2025-12-29T01:00:00.000+08:00,-2,0.14023987573677643
STN_0003,2025-12-29T02:00:00.000+08:00,-1,-0.3078486768392428
STN_0003,2025-12-29T03:00:00.000+08:00,0,-0.5453869074488233
STN_0003,2025-12-29T04:00:00.000+08:00,1,-0.33646768662076165
STN_0003,2025-12-29T05:00:00.000+08:00,-1,-0.7872096020744934
STN_0003,2025-12-29T06:00:00.000+08:00,2,0.10311962828836241
STN_0003,2025-12-29T07:00:00.000+08:00,-3,-0.5406809257331016
STN_0003,2025-12-29T08:00:00.000+08:00,-1,0.2537303311079526
STN_0003,2025-12-29T09:00:00.000+08:00,1,0.013800423992128774
STN_0003,2025-12-29T10:00:00.000+08:00,-2,-0.0402530829256984
STN_0003,2025-12-29T11:00:00.000+08:00,0,0.12525167500395018
STN_0003,2025-12-29T12:00:00.000+08:00,0,-0.33471227508520096
STN_0003,2025-12-29T13:00:00.000+08:00,1,-0.020561863623793364
STN_0003,2025-12-29T14:00:00.000+08:00,1,0.02863485580760744
STN_0003,2025-12-29T15:00:00.000+08:00,1,0.05765417500225495
STN_0003,2025-12-29T16:00:00.000+08:00,0,0.1338155041779672
STN_0003,2025-12-29T17:00:00.000+08:00,1,0.13209271188342864
STN_0003,2025-12-29T18:00:00.000+08:00,0,0.12295702616586271
STN_0003,2025-12-29T19:00:00.000+08:00,0,1.6648586211409886
STN_0003,2025-12-29T20:00:00.000+08:00,0,0.42245502588801553
STN_0003,2025-12-29T21:00:00.000+08:00,-1,0.06113744744990787
STN_0003,2025-12-29T22:00:00.000+08:00,0,0.03104729763652725
STN_0003,2025-12-29T23:00:00.000+08:00,0,0.03953008942616423
STN_0003,2025-12-30T00:00:00.000+08:00,0,0.015789660547215506
STN_0003,2025-12-30T01:00:00.000+08:00,1,0.2026372927146853
STN_0003,2025-12-30T02:00:00.000+08:00,0,0.17349964039876356
STN_0003,2025-12-30T03:00:00.000+08:00,0,0.3564813026775018
STN_0003,2025-12-30T04:00:00.000+08:00,0,0.3243451338355705
STN_0003,2025-12-30T05:00:00.000+08:00,-4,-0.4868604266639507
STN_0003,2025-12-30T06:00:00.000+08:00,-1,-0.3250169423911502
STN_0003,2025-12-30T07:00:00.000+08:00,1,-0.4803638324920292
STN_0003,2025-12-30T08:00:00.000+08:00,-2,-0.8978975216282414
STN_0003,2025-12-30T09:00:00.000+08:00,0,-0.4127149088413933
STN_0003,2025-12-30T10:00:00.000+08:00,-2,-0.6323207764953602
STN_0003,2025-12-30T11:00:00.000+08:00,1,-0.022363375705775956
STN_0003,2025-12-30T12:00:00.000+08:00,0,-0.0660393162330451
STN_0003,2025-12-30T13:00:00.000+08:00,-1,-0.2715679159393976
STN_0003,2025-12-30T14:00:00.000+08:00,0,-0.1797755437535834
STN_0003,2025-12-30T15:00:00.000+08:00,0,-0.18406398396668996
STN_0003,2025-12-30T16:00:00.000+08:00,0,-0.015573838734056426
STN_0003,2025-12-30T17:00:00.000+08:00,0,-8.532691850861376E-4
STN_0003,2025-12-30T18:00:00.000+08:00,0,-0.0059609054348174415
STN_0003,2025-12-30T19:00:00.000+08:00,0,0.02918247784783129
STN_0003,2025-12-30T20:00:00.000+08:00,-2,-0.6014510742398131
STN_0003,2025-12-30T21:00:00.000+08:00,0,-1.4340706674060448
STN_0003,2025-12-30T22:00:00.000+08:00,-2,-1.043041074947882
STN_0003,2025-12-30T23:00:00.000+08:00,1,-0.3589885171472629
STN_0003,2025-12-31T00:00:00.000+08:00,1,-0.4945678634732904
STN_0003,2025-12-31T01:00:00.000+08:00,1,-0.38559270003548174
STN_0003,2025-12-31T02:00:00.000+08:00,0,0.2603741548979148
STN_0003,2025-12-31T03:00:00.000+08:00,-2,-0.4540845030238849
STN_0003,2025-12-31T04:00:00.000+08:00,1,0.35123414419099586
STN_0003,2025-12-31T05:00:00.000+08:00,-1,-0.06750517721612881
STN_0003,2025-12-31T06:00:00.000+08:00,1,0.1725322700646651
STN_0003,2025-12-31T07:00:00.000+08:00,3,0.5185033446796311
STN_0003,2025-12-31T08:00:00.000+08:00,0,0.17442373103942388
STN_0003,2025-12-31T09:00:00.000+08:00,1,0.5346530907875485
STN_0003,2025-12-31T10:00:00.000+08:00,-1,0.33557077049969364
STN_0003,2025-12-31T11:00:00.000+08:00,0,0.5311940228683685
STN_0003,2025-12-31T12:00:00.000+08:00,1,0.5692705819091377
STN_0003,2025-12-31T13:00:00.000+08:00,0,0.253570747561948
STN_0003,2025-12-31T14:00:00.000+08:00,0,0.13149967384281008
STN_0003,2025-12-31T15:00:00.000+08:00,0,0.04717924061451425
STN_0003,2025-12-31T16:00:00.000+08:00,0,-0.0065548824210931445
STN_0003,2025-12-31T17:00:00.000+08:00,0,-0.004226281958842358
STN_0003,2025-12-31T18:00:00.000+08:00,0,-0.008714660594585581
STN_0003,2025-12-31T19:00:00.000+08:00,-1,0.03445619946960296
STN_0003,2025-12-31T20:00:00.000+08:00,1,0.008668632113119579
STN_0003,2025-12-31T21:00:00.000+08:00,-1,-0.592578878365951
STN_0003,2025-12-31T22:00:00.000+08:00,0,-0.021044624231730258
STN_0003,2025-12-31T23:00:00.000+08:00,0,0.07058341815100544
STN_0003,2026-01-01T00:00:00.000+08:00,1,0.4824183865834034
STN_0003,2026-01-01T01:00:00.000+08:00,0,0.543869100522725
STN_0003,2026-01-01T02:00:00.000+08:00,1,0.38562846594158506
STN_0003,2026-01-01T03:00:00.000+08:00,0,0.7654642531072311
STN_0003,2026-01-01T04:00:00.000+08:00,1,0.7661852714773869
STN_0003,2026-01-01T05:00:00.000+08:00,0,0.08649054198616746
STN_0003,2026-01-01T06:00:00.000+08:00,-1,0.23094760584837948
STN_0003,2026-01-01T07:00:00.000+08:00,0,0.03781514806783948
STN_0003,2026-01-01T08:00:00.000+08:00,0,-0.23646891710374685
STN_0003,2026-01-01T09:00:00.000+08:00,1,0.11501979551421904
STN_0003,2026-01-01T10:00:00.000+08:00,2,0.27956718515568746
STN_0003,2026-01-01T11:00:00.000+08:00,0,0.1538549463450497
STN_0003,2026-01-01T12:00:00.000+08:00,0,0.40821339080441355
STN_0003,2026-01-01T13:00:00.000+08:00,0,0.2639289457381744
STN_0003,2026-01-01T14:00:00.000+08:00,0,0.07588409468003543
STN_0003,2026-01-01T15:00:00.000+08:00,-1,0.01783097602124606
STN_0003,2026-01-01T16:00:00.000+08:00,0,-0.195552594580505
STN_0003,2026-01-01T17:00:00.000+08:00,1,-0.06976357960300944
STN_0003,2026-01-01T18:00:00.000+08:00,-1,-0.3549484453876559
STN_0003,2026-01-01T19:00:00.000+08:00,0,-0.4663228778551488
STN_0003,2026-01-01T20:00:00.000+08:00,0,-0.7004680098342569
STN_0003,2026-01-01T21:00:00.000+08:00,0,-0.5738602094430199
STN_0003,2026-01-01T22:00:00.000+08:00,0,0.012126637455751488
STN_0003,2026-01-01T23:00:00.000+08:00,0,0.07413546942118815
STN_0003,2026-01-02T00:00:00.000+08:00,0,0.16315644906393462
STN_0003,2026-01-02T01:00:00.000+08:00,0,0.13222803794685634
STN_0003,2026-01-02T02:00:00.000+08:00,0,0.11116973256355961
STN_0003,2026-01-02T03:00:00.000+08:00,0,0.18933997640769185
STN_0003,2026-01-02T04:00:00.000+08:00,-2,-0.3614519690050618
STN_0003,2026-01-02T05:00:00.000+08:00,0,-0.1281296099706406
STN_0003,2026-01-02T06:00:00.000+08:00,1,-0.17119272022931575
STN_0003,2026-01-02T07:00:00.000+08:00,-1,-0.5237965018112845
STN_0003,2026-01-02T08:00:00.000+08:00,0,-0.15120551643843771
STN_0003,2026-01-02T09:00:00.000+08:00,0,-0.23396466379792474
STN_0003,2026-01-02T10:00:00.000+08:00,0,-0.02236291611987473
STN_0003,2026-01-02T11:00:00.000+08:00,0,0.05621496635284595
STN_0003,2026-01-02T12:00:00.000+08:00,0,-0.11357844035477005
STN_0003,2026-01-02T13:00:00.000+08:00,1,0.08813306765388534
STN_0003,2026-01-02T14:00:00.000+08:00,0,0.026908956199053098
STN_0003,2026-01-02T15:00:00.000+08:00,0,0.01705729674940023
STN_0003,2026-01-02T16:00:00.000+08:00,0,-0.01072717144008263
STN_0003,2026-01-02T17:00:00.000+08:00,0,-0.0135789644788889
STN_0003,2026-01-02T18:00:00.000+08:00,0,-0.022352934806388766
STN_0003,2026-01-02T19:00:00.000+08:00,0,0.08752229521295996
STN_0003,2026-01-02T20:00:00.000+08:00,0,0.03493276848149296
STN_0003,2026-01-02T21:00:00.000+08:00,0,0.06972864564443373
STN_0003,2026-01-02T22:00:00.000+08:00,0,0.03490324845206863
STN_0003,2026-01-02T23:00:00.000+08:00,1,0.3318718939662752
STN_0003,2026-01-03T00:00:00.000+08:00,-1,0.012962766026189287
STN_0003,2026-01-03T01:00:00.000+08:00,-2,-0.3127031822743782
STN_0003,2026-01-03T02:00:00.000+08:00,2,0.1176309427054758
STN_0003,2026-01-03T03:00:00.000+08:00,0,-0.21508163363843535
STN_0003,2026-01-03T04:00:00.000+08:00,0,-0.02613594580725187
STN_0003,2026-01-03T05:00:00.000+08:00,1,-0.17794585912846483
STN_0003,2026-01-03T06:00:00.000+08:00,0,0.0018236304462739827
STN_0003,2026-01-03T07:00:00.000+08:00,1,0.5716250624996646
STN_0003,2026-01-03T08:00:00.000+08:00,1,0.5480499833484807
STN_0003,2026-01-03T09:00:00.000+08:00,0,0.6756879296404111
STN_0003,2026-01-03T10:00:00.000+08:00,0,0.4768158973461524
STN_0003,2026-01-03T11:00:00.000+08:00,-1,0.24197718552173786
STN_0003,2026-01-03T12:00:00.000+08:00,-1,0.2908049994605345
STN_0003,2026-01-03T13:00:00.000+08:00,0,0.06508375294224977
STN_0003,2026-01-03T14:00:00.000+08:00,0,-0.21597290533787214
STN_0003,2026-01-03T15:00:00.000+08:00,0,-0.2312542701887565
STN_0003,2026-01-03T16:00:00.000+08:00,0,-0.2633697217058357
STN_0003,2026-01-03T17:00:00.000+08:00,0,-0.16499005107777803
STN_0003,2026-01-03T18:00:00.000+08:00,0,-0.15657165057914937
STN_0003,2026-01-03T19:00:00.000+08:00,-1,0.024694976839069918
STN_0003,2026-01-03T20:00:00.000+08:00,-1,-0.5744317114324655
STN_0003,2026-01-03T21:00:00.000+08:00,-1,-0.5809945292190146
STN_0003,2026-01-03T22:00:00.000+08:00,-1,-0.8357542370644016
STN_0003,2026-01-03T23:00:00.000+08:00,-1,-0.8966535206109933
STN_0003,2026-01-04T00:00:00.000+08:00,-1,-1.511043775507387
STN_0003,2026-01-04T01:00:00.000+08:00,1,-0.9870652599831031
STN_0003,2026-01-04T02:00:00.000+08:00,1,-0.38619401142028487
STN_0003,2026-01-04T03:00:00.000+08:00,3,0.23490920073694066
STN_0003,2026-01-04T04:00:00.000+08:00,-3,-0.5076575387793874
STN_0003,2026-01-04T05:00:00.000+08:00,0,0.35942966805184495
STN_0003,2026-01-04T06:00:00.000+08:00,2,0.6320768805560668
STN_0003,2026-01-04T07:00:00.000+08:00,-1,0.28740521144697584
STN_0003,2026-01-04T08:00:00.000+08:00,1,0.0758150958306274
STN_0003,2026-01-04T09:00:00.000+08:00,-1,-0.07640506361282573
STN_0003,2026-01-04T10:00:00.000+08:00,1,0.17661065914467777
STN_0003,2026-01-04T11:00:00.000+08:00,0,0.3364058648586705
STN_0003,2026-01-04T12:00:00.000+08:00,-1,0.16983470206782048
STN_0003,2026-01-04T13:00:00.000+08:00,0,0.08416225154641299
STN_0003,2026-01-04T14:00:00.000+08:00,1,-0.08190619579609129
STN_0003,2026-01-04T15:00:00.000+08:00,0,0.1367804362089927
STN_0003,2026-01-04T16:00:00.000+08:00,0,-0.017015187326141892
STN_0003,2026-01-04T17:00:00.000+08:00,0,0.007821658312286893
STN_0003,2026-01-04T18:00:00.000+08:00,0,-0.03355498850196294
STN_0003,2026-01-04T19:00:00.000+08:00,0,0.14946117118333704
STN_0003,2026-01-04T20:00:00.000+08:00,0,-0.13266163428562944
STN_0003,2026-01-04T21:00:00.000+08:00,0,-0.014379154052775789
STN_0003,2026-01-04T22:00:00.000+08:00,0,-0.007387104350080026
STN_0003,2026-01-04T23:00:00.000+08:00,2,0.18656193663502224
STN_0003,2026-01-05T00:00:00.000+08:00,4,1.339058881864715
STN_0003,2026-01-05T01:00:00.000+08:00,-1,1.0719971280726137
STN_0003,2026-01-05T02:00:00.000+08:00,-2,0.8982470082317326
STN_0003,2026-01-05T03:00:00.000+08:00,1,1.1233199122926545
STN_0003,2026-01-05T04:00:00.000+08:00,0,0.712981788063743
STN_0003,2026-01-05T05:00:00.000+08:00,0,0.32713952558269166
STN_0003,2026-01-05T06:00:00.000+08:00,1,0.27117480408186423
STN_0003,2026-01-05T07:00:00.000+08:00,-1,-0.04884465534589011
STN_0003,2026-01-05T08:00:00.000+08:00,0,0.1172331249323435
STN_0003,2026-01-05T09:00:00.000+08:00,0,0.023710884210610628
STN_0003,2026-01-05T10:00:00.000+08:00,0,0.154960411211518
STN_0003,2026-01-05T11:00:00.000+08:00,0,0.2640504333605124
STN_0003,2026-01-05T12:00:00.000+08:00,0,0.04919934868457865
STN_0003,2026-01-05T13:00:00.000+08:00,0,0.11927249971667259
STN_0003,2026-01-05T14:00:00.000+08:00,0,-0.025026954036523844
STN_0003,2026-01-05T15:00:00.000+08:00,0,-0.021884331078071875
STN_0003,2026-01-05T16:00:00.000+08:00,-1,6.027697154496262E-4
STN_0003,2026-01-05T17:00:00.000+08:00,1,0.010635935706009673
STN_0003,2026-01-05T18:00:00.000+08:00,0,-0.009694874875919433
STN_0003,2026-01-05T19:00:00.000+08:00,2,1.6777719165657243
STN_0003,2026-01-05T20:00:00.000+08:00,-1,0.516443550236396
STN_0003,2026-01-05T21:00:00.000+08:00,-5,-1.9534720833258299
STN_0003,2026-01-05T22:00:00.000+08:00,2,0.015552815656132868
STN_0003,2026-01-05T23:00:00.000+08:00,3,-0.09578151932936674
STN_0003,2026-01-06T00:00:00.000+08:00,1,-0.36237595022391567
STN_0003,2026-01-06T01:00:00.000+08:00,0,-0.10874477608162714
STN_0003,2026-01-06T02:00:00.000+08:00,3,0.2621866035274487
STN_0003,2026-01-06T03:00:00.000+08:00,0,0.7928704014667871
STN_0003,2026-01-06T04:00:00.000+08:00,-1,0.23898290218640472
STN_0003,2026-01-06T05:00:00.000+08:00,-2,0.33815725666040475
STN_0003,2026-01-06T06:00:00.000+08:00,3,0.7118112268394468
STN_0003,2026-01-06T07:00:00.000+08:00,0,-0.08476842134009166
STN_0003,2026-01-06T08:00:00.000+08:00,-1,-0.09125730699490031
STN_0003,2026-01-06T09:00:00.000+08:00,0,0.1769433103251945
STN_0003,2026-01-06T10:00:00.000+08:00,-1,0.23329060496593923
STN_0003,2026-01-06T11:00:00.000+08:00,-1,0.33514849716109285
STN_0003,2026-01-06T12:00:00.000+08:00,0,0.1634030022461564
STN_0003,2026-01-06T13:00:00.000+08:00,0,-0.06716058162909999
STN_0003,2026-01-06T14:00:00.000+08:00,0,-0.1616237041010223
STN_0003,2026-01-06T15:00:00.000+08:00,0,-0.173273888889877
STN_0003,2026-01-06T16:00:00.000+08:00,0,-0.007515220925055646
STN_0003,2026-01-06T17:00:00.000+08:00,0,-0.00889942618611516
STN_0003,2026-01-06T18:00:00.000+08:00,0,-0.0023158364856005476
STN_0003,2026-01-06T19:00:00.000+08:00,3,1.7941423846833517
STN_0003,2026-01-06T20:00:00.000+08:00,-2,0.35277551823428765
STN_0003,2026-01-06T21:00:00.000+08:00,-4,-2.6895109733311253
STN_0003,2026-01-06T22:00:00.000+08:00,-2,-0.5563144088649024
STN_0003,2026-01-06T23:00:00.000+08:00,0,-0.47602572417999944
STN_0003,2026-01-07T00:00:00.000+08:00,-3,-0.53915170558435
STN_0003,2026-01-07T01:00:00.000+08:00,3,-0.39612395369801057
STN_0003,2026-01-07T02:00:00.000+08:00,2,-0.29675850218798905
STN_0003,2026-01-07T03:00:00.000+08:00,-2,-0.34442995205078075
STN_0003,2026-01-07T04:00:00.000+08:00,0,0.42203576047784175
STN_0003,2026-01-07T05:00:00.000+08:00,-1,-0.4332316805208287
STN_0003,2026-01-07T06:00:00.000+08:00,0,-0.13458758013362182
STN_0003,2026-01-07T07:00:00.000+08:00,3,0.4177851729925721
STN_0003,2026-01-07T08:00:00.000+08:00,-4,-0.2339353170304741
STN_0003,2026-01-07T09:00:00.000+08:00,0,0.11220039855286235
STN_0003,2026-01-07T10:00:00.000+08:00,0,0.2886231710199547
STN_0003,2026-01-07T11:00:00.000+08:00,1,0.07430308091799631
STN_0003,2026-01-07T12:00:00.000+08:00,-1,0.24383352234646416
STN_0003,2026-01-07T13:00:00.000+08:00,0,-0.1959125102156168
STN_0003,2026-01-07T14:00:00.000+08:00,0,0.007765726052209182
STN_0003,2026-01-07T15:00:00.000+08:00,0,0.03286968717447951
STN_0003,2026-01-07T16:00:00.000+08:00,0,0.0324175406241114
STN_0003,2026-01-07T17:00:00.000+08:00,0,0.02016453362318825
STN_0003,2026-01-07T18:00:00.000+08:00,0,0.0019336439619018278
STN_0003,2026-01-07T19:00:00.000+08:00,2,0.6868274725113974
STN_0003,2026-01-07T20:00:00.000+08:00,0,0.58474976252885
STN_0003,2026-01-07T21:00:00.000+08:00,-7,-2.774850279347187
STN_0003,2026-01-07T22:00:00.000+08:00,5,0.748071413716449
STN_0003,2026-01-07T23:00:00.000+08:00,0,-0.39584539626820625
STN_0003,2026-01-08T00:00:00.000+08:00,-1,-0.6078362459977305
STN_0003,2026-01-08T01:00:00.000+08:00,0,-0.09486022396474114
STN_0003,2026-01-08T02:00:00.000+08:00,1,-0.12285228911124024
STN_0003,2026-01-08T03:00:00.000+08:00,1,0.5080864770990461
STN_0003,2026-01-08T04:00:00.000+08:00,0,-0.18082440888689622
STN_0003,2026-01-08T05:00:00.000+08:00,-1,0.3443642965275475
STN_0003,2026-01-08T06:00:00.000+08:00,-2,0.08482249041913281
STN_0003,2026-01-08T07:00:00.000+08:00,-3,-0.06311993530694515
STN_0003,2026-01-08T08:00:00.000+08:00,2,0.2864103628206771
STN_0003,2026-01-08T09:00:00.000+08:00,3,0.043586679422404906
STN_0003,2026-01-08T10:00:00.000+08:00,-1,0.13471027402371605
STN_0003,2026-01-08T11:00:00.000+08:00,1,0.33222229271039594
STN_0003,2026-01-08T12:00:00.000+08:00,0,0.49480350843410426
STN_0003,2026-01-08T13:00:00.000+08:00,-1,0.15240881462724498
STN_0003,2026-01-08T14:00:00.000+08:00,0,0.01683305320760614
STN_0003,2026-01-08T15:00:00.000+08:00,0,-0.07520677040783336
STN_0003,2026-01-08T16:00:00.000+08:00,0,-0.05166379233707727
STN_0003,2026-01-08T17:00:00.000+08:00,0,9.883600498507283E-6
STN_0003,2026-01-08T18:00:00.000+08:00,0,0.0010452166331941168
STN_0003,2026-01-08T19:00:00.000+08:00,3,1.8342964770481294
STN_0003,2026-01-08T20:00:00.000+08:00,1,0.9262409528076965
STN_0003,2026-01-08T21:00:00.000+08:00,-3,-0.637747786791274
STN_0003,2026-01-08T22:00:00.000+08:00,1,0.1361489256453554
STN_0003,2026-01-08T23:00:00.000+08:00,1,-0.4855955872747133
STN_0003,2026-01-09T00:00:00.000+08:00,-2,-0.26716634686316754
STN_0003,2026-01-09T01:00:00.000+08:00,3,0.12245220386321476
STN_0003,2026-01-09T02:00:00.000+08:00,-1,-0.14650938903484834
STN_0003,2026-01-09T03:00:00.000+08:00,1,0.6203747590728774
STN_0003,2026-01-09T04:00:00.000+08:00,-5,-0.052706416919540366
STN_0003,2026-01-09T05:00:00.000+08:00,-4,-0.9793371826174764
STN_0003,2026-01-09T06:00:00.000+08:00,4,0.18718020368658017
STN_0003,2026-01-09T07:00:00.000+08:00,0,-0.5064197892687794
STN_0003,2026-01-09T08:00:00.000+08:00,-1,0.15328646104827692
STN_0003,2026-01-09T09:00:00.000+08:00,3,0.017630351120744958
STN_0003,2026-01-09T10:00:00.000+08:00,-2,0.09311768332762771
STN_0003,2026-01-09T11:00:00.000+08:00,0,0.563585256715861
STN_0003,2026-01-09T12:00:00.000+08:00,0,0.4961986644636711
STN_0003,2026-01-09T13:00:00.000+08:00,0,0.024318961467170053
STN_0003,2026-01-09T14:00:00.000+08:00,0,-0.07058981124459818
STN_0003,2026-01-09T15:00:00.000+08:00,-1,-0.028515343290154593
STN_0003,2026-01-09T16:00:00.000+08:00,0,-0.14484364076072687
STN_0003,2026-01-09T17:00:00.000+08:00,0,-0.1203364660867755
STN_0003,2026-01-09T18:00:00.000+08:00,-1,-0.2817282562901904
STN_0003,2026-01-09T19:00:00.000+08:00,0,-0.9987766631093455
STN_0003,2026-01-09T20:00:00.000+08:00,-2,-1.9900032383019473
STN_0003,2026-01-09T21:00:00.000+08:00,-1,-1.8681756264616523
STN_0003,2026-01-09T22:00:00.000+08:00,0,-1.2698244799802607
STN_0003,2026-01-09T23:00:00.000+08:00,0,-1.0314955244046238
STN_0003,2026-01-10T00:00:00.000+08:00,0,-0.22614245282880452
STN_0003,2026-01-10T01:00:00.000+08:00,0,-0.46579599575107933
STN_0003,2026-01-10T02:00:00.000+08:00,1,-0.18022973990377222
STN_0003,2026-01-10T03:00:00.000+08:00,-1,-0.4804067254307145
STN_0003,2026-01-10T04:00:00.000+08:00,-2,-0.6799407416405432
STN_0003,2026-01-10T05:00:00.000+08:00,-2,0.030114326623760235
STN_0003,2026-01-10T06:00:00.000+08:00,0,-0.30176620914377184
STN_0003,2026-01-10T07:00:00.000+08:00,5,-0.0841750960722849
STN_0003,2026-01-10T08:00:00.000+08:00,-1,-0.12439666440956687
STN_0003,2026-01-10T09:00:00.000+08:00,-1,0.4212493076803905
STN_0003,2026-01-10T10:00:00.000+08:00,0,0.41408643729135
STN_0003,2026-01-10T11:00:00.000+08:00,1,0.5750401551565016
STN_0003,2026-01-10T12:00:00.000+08:00,1,0.2285257223168915
STN_0003,2026-01-10T13:00:00.000+08:00,0,0.2943178953306702
STN_0003,2026-01-10T14:00:00.000+08:00,-3,-0.22908152352489064
STN_0003,2026-01-10T15:00:00.000+08:00,-2,-0.8534846829117801
STN_0003,2026-01-10T16:00:00.000+08:00,0,-0.4897822792737957
STN_0003,2026-01-10T17:00:00.000+08:00,0,-0.44161877675350664
STN_0003,2026-01-10T18:00:00.000+08:00,0,-0.6370639057401295
STN_0003,2026-01-10T19:00:00.000+08:00,0,-0.8637813517863873
STN_0003,2026-01-10T20:00:00.000+08:00,-1,-1.0666024936446514
STN_0003,2026-01-10T21:00:00.000+08:00,-1,0.06727944890993687
STN_0003,2026-01-10T22:00:00.000+08:00,1,0.21093448466437748
STN_0003,2026-01-10T23:00:00.000+08:00,1,0.19681754441400212
STN_0003,2026-01-11T00:00:00.000+08:00,1,0.2713148511424417
STN_0003,2026-01-11T01:00:00.000+08:00,-4,-0.9323660565161616
STN_0003,2026-01-11T02:00:00.000+08:00,2,0.17474000378181564
STN_0003,2026-01-11T03:00:00.000+08:00,-1,-0.3767175074460356
STN_0003,2026-01-11T04:00:00.000+08:00,0,-0.43127541354047194
STN_0003,2026-01-11T05:00:00.000+08:00,-2,-0.5272907241268974
STN_0003,2026-01-11T06:00:00.000+08:00,2,-0.32090593425340597
STN_0003,2026-01-11T07:00:00.000+08:00,0,-0.04030604692033979
STN_0003,2026-01-11T08:00:00.000+08:00,0,-0.094477048265182
STN_0003,2026-01-11T09:00:00.000+08:00,2,0.2538867751544651
STN_0003,2026-01-11T10:00:00.000+08:00,-1,0.29798816810644446
STN_0003,2026-01-11T11:00:00.000+08:00,0,0.5442828397471948
STN_0003,2026-01-11T12:00:00.000+08:00,0,0.3034487827901269
STN_0003,2026-01-11T13:00:00.000+08:00,1,0.3148132918098602
STN_0003,2026-01-11T14:00:00.000+08:00,1,-0.07321709063468862
STN_0003,2026-01-11T15:00:00.000+08:00,0,0.007686957783531234
STN_0003,2026-01-11T16:00:00.000+08:00,0,0.04065403695374156
STN_0003,2026-01-11T17:00:00.000+08:00,-1,0.03530605552991063
STN_0003,2026-01-11T18:00:00.000+08:00,0,0.033199213295424454
STN_0003,2026-01-11T19:00:00.000+08:00,0,0.07121174590766643
STN_0003,2026-01-11T20:00:00.000+08:00,0,0.03822065923886814
STN_0003,2026-01-11T21:00:00.000+08:00,0,0.1912706347601138
STN_0003,2026-01-11T22:00:00.000+08:00,0,0.18645223802730615
STN_0003,2026-01-11T23:00:00.000+08:00,-2,-0.19988438606598047
STN_0003,2026-01-12T00:00:00.000+08:00,1,0.11234025933912029
STN_0003,2026-01-12T01:00:00.000+08:00,-1,0.032413444292687554
STN_0003,2026-01-12T02:00:00.000+08:00,3,0.31411818147753423
STN_0003,2026-01-12T03:00:00.000+08:00,-1,-0.0912260646867642
STN_0003,2026-01-12T04:00:00.000+08:00,-4,-0.53768089297147
STN_0003,2026-01-12T05:00:00.000+08:00,-1,0.08299080583825669
STN_0003,2026-01-12T06:00:00.000+08:00,-4,-0.387481433082443
STN_0003,2026-01-12T07:00:00.000+08:00,3,-0.3616703594829582
STN_0003,2026-01-12T08:00:00.000+08:00,0,-0.7098099076730715
STN_0003,2026-01-12T09:00:00.000+08:00,0,-0.36105918155218775
STN_0003,2026-01-12T10:00:00.000+08:00,-1,0.07630990393460824
STN_0003,2026-01-12T11:00:00.000+08:00,-1,-0.11296481486928966
STN_0003,2026-01-12T12:00:00.000+08:00,0,0.45384478801139194
STN_0003,2026-01-12T13:00:00.000+08:00,0,0.025112934245547613
STN_0003,2026-01-12T14:00:00.000+08:00,0,-0.22233220529840442
STN_0003,2026-01-12T15:00:00.000+08:00,-2,-0.5686479176993405
STN_0003,2026-01-12T16:00:00.000+08:00,0,-0.16257280534102952
STN_0003,2026-01-12T17:00:00.000+08:00,0,-0.12219530183867362
STN_0003,2026-01-12T18:00:00.000+08:00,0,-0.25487106126987624
STN_0003,2026-01-12T19:00:00.000+08:00,3,0.7860989667488376
STN_0003,2026-01-12T20:00:00.000+08:00,-1,-1.1537337574445974
STN_0003,2026-01-12T21:00:00.000+08:00,-6,-2.490452852982626
STN_0003,2026-01-12T22:00:00.000+08:00,0,-0.587315534001438
STN_0003,2026-01-12T23:00:00.000+08:00,5,-0.5327729571345046
STN_0003,2026-01-13T00:00:00.000+08:00,0,-0.529060429681901
STN_0003,2026-01-13T01:00:00.000+08:00,-1,0.014069280786797922
STN_0003,2026-01-13T02:00:00.000+08:00,3,0.17671146924809422
STN_0003,2026-01-13T03:00:00.000+08:00,0,0.564277559343529
STN_0003,2026-01-13T04:00:00.000+08:00,1,1.3628381309730226
STN_0003,2026-01-13T05:00:00.000+08:00,4,1.2916539909432594
STN_0003,2026-01-13T06:00:00.000+08:00,0,0.16809722121248605
STN_0003,2026-01-13T07:00:00.000+08:00,0,0.908316425825634
STN_0003,2026-01-13T08:00:00.000+08:00,-1,0.34199822921568845
STN_0003,2026-01-13T09:00:00.000+08:00,0,0.35792155361930744
STN_0003,2026-01-13T10:00:00.000+08:00,0,0.20099326047551358
STN_0003,2026-01-13T11:00:00.000+08:00,1,0.010554149900289023
STN_0003,2026-01-13T12:00:00.000+08:00,0,0.17678566087988457
STN_0003,2026-01-13T13:00:00.000+08:00,0,0.2783766127113715
STN_0003,2026-01-13T14:00:00.000+08:00,0,-0.05604136039920621
STN_0003,2026-01-13T15:00:00.000+08:00,0,0.023529966565847105
STN_0003,2026-01-13T16:00:00.000+08:00,0,-0.018761728840061803
STN_0003,2026-01-13T17:00:00.000+08:00,0,-0.053265536045573686
STN_0003,2026-01-13T18:00:00.000+08:00,0,-0.0038156512556294236
STN_0003,2026-01-13T19:00:00.000+08:00,1,0.5928587954745381
STN_0003,2026-01-13T20:00:00.000+08:00,-2,-1.2766246703037896
STN_0003,2026-01-13T21:00:00.000+08:00,-9,-5.7980275210747605
STN_0003,2026-01-13T22:00:00.000+08:00,-1,-0.945040795038584
STN_0003,2026-01-13T23:00:00.000+08:00,0,-1.1760782006507888
STN_0003,2026-01-14T00:00:00.000+08:00,3,-0.8763650896205637
STN_0003,2026-01-14T01:00:00.000+08:00,2,-0.5232156467045486
STN_0003,2026-01-14T02:00:00.000+08:00,2,-0.36019631751556114
STN_0003,2026-01-14T03:00:00.000+08:00,1,0.01932438126315361
STN_0003,2026-01-14T04:00:00.000+08:00,0,0.3883910708997145
STN_0003,2026-01-14T05:00:00.000+08:00,-2,0.25000595502294765
STN_0003,2026-01-14T06:00:00.000+08:00,-9,-0.7736873014917602
STN_0003,2026-01-14T07:00:00.000+08:00,1,0.54053966810869
STN_0003,2026-01-14T08:00:00.000+08:00,-3,-0.56782309308685
STN_0003,2026-01-14T09:00:00.000+08:00,0,0.011876163413014229
STN_0003,2026-01-14T10:00:00.000+08:00,0,-0.2599832228669623
STN_0003,2026-01-14T11:00:00.000+08:00,2,0.13732860561193982
STN_0003,2026-01-14T12:00:00.000+08:00,2,0.11273724074073943
STN_0003,2026-01-14T13:00:00.000+08:00,0,0.05880391535103735
STN_0003,2026-01-14T14:00:00.000+08:00,-1,0.037460761384701
STN_0003,2026-01-14T15:00:00.000+08:00,0,-0.002046957325860188
STN_0003,2026-01-14T16:00:00.000+08:00,0,0.06711193673774869
STN_0003,2026-01-14T17:00:00.000+08:00,0,0.06824154739588016
STN_0003,2026-01-14T18:00:00.000+08:00,0,0.015576730316296916
STN_0003,2026-01-14T19:00:00.000+08:00,2,0.7857519962979345
STN_0003,2026-01-14T20:00:00.000+08:00,-3,-1.2519019896009944
STN_0003,2026-01-14T21:00:00.000+08:00,0,-2.3365023773999862
STN_0003,2026-01-14T22:00:00.000+08:00,3,0.16478996825801762
STN_0003,2026-01-14T23:00:00.000+08:00,-1,-0.9883148092945557
STN_0003,2026-01-15T00:00:00.000+08:00,-2,-0.3761588845178112
STN_0003,2026-01-15T01:00:00.000+08:00,-1,-0.1159017315587838
STN_0003,2026-01-15T02:00:00.000+08:00,2,-0.10498196086738654
STN_0003,2026-01-15T03:00:00.000+08:00,0,-0.10666494114331382
STN_0003,2026-01-15T04:00:00.000+08:00,-1,-0.4533971848212013
STN_0003,2026-01-15T05:00:00.000+08:00,-5,-0.9112669439770871
STN_0003,2026-01-15T06:00:00.000+08:00,-1,-0.12599558901570074
STN_0003,2026-01-15T07:00:00.000+08:00,-2,0.7957035398512531
STN_0003,2026-01-15T08:00:00.000+08:00,4,0.7239933288640694
STN_0003,2026-01-15T09:00:00.000+08:00,3,-0.7333108792099847
STN_0003,2026-01-15T10:00:00.000+08:00,5,-0.3000709899784706
STN_0003,2026-01-15T11:00:00.000+08:00,-2,-0.004578044585407781
STN_0003,2026-01-15T12:00:00.000+08:00,-1,0.37876362861917734
STN_0003,2026-01-15T13:00:00.000+08:00,0,0.14852880617403152
STN_0003,2026-01-15T14:00:00.000+08:00,0,-0.07703044749536547
STN_0003,2026-01-15T15:00:00.000+08:00,0,0.07206735522377772
STN_0003,2026-01-15T16:00:00.000+08:00,0,-0.14717696847485823
STN_0003,2026-01-15T17:00:00.000+08:00,0,-0.009907092126719974
STN_0003,2026-01-15T18:00:00.000+08:00,0,-0.014106624117621605
STN_0003,2026-01-15T19:00:00.000+08:00,2,0.7965392827205212
STN_0003,2026-01-15T20:00:00.000+08:00,-2,-0.48549326253796377
STN_0003,2026-01-15T21:00:00.000+08:00,-5,-2.312900846611791
STN_0003,2026-01-15T22:00:00.000+08:00,-1,-1.4547217193852484
STN_0003,2026-01-15T23:00:00.000+08:00,-2,-1.7710104125282942
STN_0003,2026-01-16T00:00:00.000+08:00,-2,-1.6046473892110564
STN_0003,2026-01-16T01:00:00.000+08:00,0,-1.470395727456427
STN_0003,2026-01-16T02:00:00.000+08:00,0,-1.2358879072811304
STN_0003,2026-01-16T03:00:00.000+08:00,1,-0.9220720360089061
STN_0003,2026-01-16T04:00:00.000+08:00,0,-1.0622431320986643
STN_0003,2026-01-16T05:00:00.000+08:00,0,0.21404218917546802
STN_0003,2026-01-16T06:00:00.000+08:00,-1,-0.46434625334019675
STN_0003,2026-01-16T07:00:00.000+08:00,-1,0.16303697427511166
STN_0003,2026-01-16T08:00:00.000+08:00,1,0.3104743814756139
STN_0003,2026-01-16T09:00:00.000+08:00,1,0.18276656557662174
STN_0003,2026-01-16T10:00:00.000+08:00,-1,-0.02740448787307881
STN_0003,2026-01-16T11:00:00.000+08:00,-1,0.04855665802625153
STN_0003,2026-01-16T12:00:00.000+08:00,1,0.3110165746827205
STN_0003,2026-01-16T13:00:00.000+08:00,0,0.16476417817335864
STN_0003,2026-01-16T14:00:00.000+08:00,0,-0.013730236197936702
STN_0003,2026-01-16T15:00:00.000+08:00,0,-0.05839376503505164
STN_0003,2026-01-16T16:00:00.000+08:00,0,-0.1367593407515416
STN_0003,2026-01-16T17:00:00.000+08:00,0,0.061866301666909755
STN_0003,2026-01-16T18:00:00.000+08:00,0,-0.04005632159414119
STN_0003,2026-01-16T19:00:00.000+08:00,0,-0.017941022490901126
STN_0003,2026-01-16T20:00:00.000+08:00,-2,-1.1819348606092086
STN_0003,2026-01-16T21:00:00.000+08:00,0,-1.2024823459376108
STN_0003,2026-01-16T22:00:00.000+08:00,-3,-1.0261000971324536
STN_0003,2026-01-16T23:00:00.000+08:00,1,-0.5966074123924248
STN_0003,2026-01-17T00:00:00.000+08:00,-1,-0.8269193103637886
STN_0003,2026-01-17T01:00:00.000+08:00,0,-0.28365934408574933
STN_0003,2026-01-17T02:00:00.000+08:00,1,-0.0447634740667211
STN_0003,2026-01-17T03:00:00.000+08:00,0,-0.3636395872269098
STN_0003,2026-01-17T04:00:00.000+08:00,2,-0.13496722298407482
STN_0003,2026-01-17T05:00:00.000+08:00,-1,0.2004627484339827
STN_0003,2026-01-17T06:00:00.000+08:00,-2,-0.055273826683631455
STN_0003,2026-01-17T07:00:00.000+08:00,4,0.6296051692738045
STN_0003,2026-01-17T08:00:00.000+08:00,0,0.09217824741846536
STN_0003,2026-01-17T09:00:00.000+08:00,-2,0.33053276545159105
STN_0003,2026-01-17T10:00:00.000+08:00,0,0.029521836910181953
STN_0003,2026-01-17T11:00:00.000+08:00,-1,0.10592426828431378
STN_0003,2026-01-17T12:00:00.000+08:00,1,0.40146550455366137
STN_0003,2026-01-17T13:00:00.000+08:00,2,-0.10009167930116958
STN_0003,2026-01-17T14:00:00.000+08:00,1,-0.13540863954295618
STN_0003,2026-01-17T15:00:00.000+08:00,1,0.11067591938713803
STN_0003,2026-01-17T16:00:00.000+08:00,0,0.04089854378845431
STN_0003,2026-01-17T17:00:00.000+08:00,0,0.12482643268850763
STN_0003,2026-01-17T18:00:00.000+08:00,0,0.014183085621183839
STN_0003,2026-01-17T19:00:00.000+08:00,0,0.3928179373133797
STN_0003,2026-01-17T20:00:00.000+08:00,-1,-0.08407936309478109
STN_0003,2026-01-17T21:00:00.000+08:00,-1,-0.27607714415684365
STN_0003,2026-01-17T22:00:00.000+08:00,2,0.3821439266349026
STN_0003,2026-01-17T23:00:00.000+08:00,0,0.04174249850391232
STN_0003,2026-01-18T00:00:00.000+08:00,1,0.6006187900792728
STN_0003,2026-01-18T01:00:00.000+08:00,0,0.2812545069282877
STN_0003,2026-01-18T02:00:00.000+08:00,-1,0.3445299406324911
STN_0003,2026-01-18T03:00:00.000+08:00,0,0.7850579269964147
STN_0003,2026-01-18T04:00:00.000+08:00,2,0.3852303996980231
STN_0003,2026-01-18T05:00:00.000+08:00,1,0.2706890833322805
STN_0003,2026-01-18T06:00:00.000+08:00,2,0.912941735585383
STN_0003,2026-01-18T07:00:00.000+08:00,-1,0.3736576591699622
STN_0003,2026-01-18T08:00:00.000+08:00,1,0.9241403625001973
STN_0003,2026-01-18T09:00:00.000+08:00,-1,0.5372753405356908
STN_0003,2026-01-18T10:00:00.000+08:00,1,0.4898345284427339
STN_0003,2026-01-18T11:00:00.000+08:00,1,0.4842390269890622
STN_0003,2026-01-18T12:00:00.000+08:00,0,0.16958762014926354
STN_0003,2026-01-18T13:00:00.000+08:00,-1,0.16577809434994312
STN_0003,2026-01-18T14:00:00.000+08:00,0,-0.06413095393477203
STN_0003,2026-01-18T15:00:00.000+08:00,0,-0.0070241852216262335
STN_0003,2026-01-18T16:00:00.000+08:00,0,-0.08644188417447736
STN_0003,2026-01-18T17:00:00.000+08:00,0,-0.06942272693398206
STN_0003,2026-01-18T18:00:00.000+08:00,-1,-0.28963761651792136
STN_0003,2026-01-18T19:00:00.000+08:00,-1,-0.4619786374724244
STN_0003,2026-01-18T20:00:00.000+08:00,0,-0.5549454834709915
STN_0003,2026-01-18T21:00:00.000+08:00,-1,-0.6550404090823757
STN_0003,2026-01-18T22:00:00.000+08:00,0,-0.7684658412633297
STN_0003,2026-01-18T23:00:00.000+08:00,1,-0.6641742234542136
STN_0003,2026-01-19T00:00:00.000+08:00,1,0.07530746017751744
STN_0003,2026-01-19T01:00:00.000+08:00,0,0.08625910538997728
STN_0003,2026-01-19T02:00:00.000+08:00,-6,-0.6597466914465531
STN_0003,2026-01-19T03:00:00.000+08:00,-1,-0.7161423005954282
STN_0003,2026-01-19T04:00:00.000+08:00,-2,-0.5679549457897655
STN_0003,2026-01-19T05:00:00.000+08:00,0,-0.11764107857047046
STN_0003,2026-01-19T06:00:00.000+08:00,3,-0.4834271423274563
STN_0003,2026-01-19T07:00:00.000+08:00,-3,-0.9637175347909364
STN_0003,2026-01-19T08:00:00.000+08:00,0,-0.025773760670771306
STN_0003,2026-01-19T09:00:00.000+08:00,2,0.529377204654482
STN_0003,2026-01-19T10:00:00.000+08:00,-1,0.45134958812639137
STN_0003,2026-01-19T11:00:00.000+08:00,-1,0.15799277174902726
STN_0003,2026-01-19T12:00:00.000+08:00,0,-0.47416134226325624
STN_0003,2026-01-19T13:00:00.000+08:00,0,0.06592770504929657
STN_0003,2026-01-19T14:00:00.000+08:00,0,-0.012059571622747178
STN_0003,2026-01-19T15:00:00.000+08:00,0,-0.14965454329881395
STN_0003,2026-01-19T16:00:00.000+08:00,0,-0.015386404929464886
STN_0003,2026-01-19T17:00:00.000+08:00,0,0.002074591997091896
STN_0003,2026-01-19T18:00:00.000+08:00,0,-0.01546419250511516
STN_0003,2026-01-19T19:00:00.000+08:00,3,1.718928082924862
STN_0003,2026-01-19T20:00:00.000+08:00,-1,0.35764842414316433
STN_0003,2026-01-19T21:00:00.000+08:00,-3,-0.9486035488629474
STN_0003,2026-01-19T22:00:00.000+08:00,3,0.1210965941479678
STN_0003,2026-01-19T23:00:00.000+08:00,1,-0.3164782093575069
STN_0003,2026-01-20T00:00:00.000+08:00,2,0.09667116177708701
STN_0003,2026-01-20T01:00:00.000+08:00,1,0.04234721191215529
STN_0003,2026-01-20T02:00:00.000+08:00,3,0.37904045651838913
STN_0003,2026-01-20T03:00:00.000+08:00,1,0.27810324496303807
STN_0003,2026-01-20T04:00:00.000+08:00,-2,0.45976059596581687
STN_0003,2026-01-20T05:00:00.000+08:00,-3,0.2846764125898673
STN_0003,2026-01-20T06:00:00.000+08:00,0,0.7799385243198973
STN_0003,2026-01-20T07:00:00.000+08:00,-1,0.43757080003478066
STN_0003,2026-01-20T08:00:00.000+08:00,1,0.2774973813640642
STN_0003,2026-01-20T09:00:00.000+08:00,1,-0.0652979436346568
STN_0003,2026-01-20T10:00:00.000+08:00,-1,0.2074366605549578
STN_0003,2026-01-20T11:00:00.000+08:00,-1,-0.001676095671603317
STN_0003,2026-01-20T12:00:00.000+08:00,2,0.3191425138174059
STN_0003,2026-01-20T13:00:00.000+08:00,0,0.23750433873976506
STN_0003,2026-01-20T14:00:00.000+08:00,0,-0.0614037891966826
STN_0003,2026-01-20T15:00:00.000+08:00,0,-0.04981452996368568
STN_0003,2026-01-20T16:00:00.000+08:00,0,-0.048061565220916674
STN_0003,2026-01-20T17:00:00.000+08:00,0,-0.042828959070380396
STN_0003,2026-01-20T18:00:00.000+08:00,0,0.015537523808254766
STN_0003,2026-01-20T19:00:00.000+08:00,2,0.5773416936084504
STN_0003,2026-01-20T20:00:00.000+08:00,-1,0.07285311715100229
STN_0003,2026-01-20T21:00:00.000+08:00,-2,-1.4637565950996132
STN_0003,2026-01-20T22:00:00.000+08:00,1,-0.4468039897727385
STN_0003,2026-01-20T23:00:00.000+08:00,0,-0.42423471361480125
STN_0003,2026-01-21T00:00:00.000+08:00,-2,-0.8043994247802009
STN_0003,2026-01-21T01:00:00.000+08:00,0,-0.06606780584747574
STN_0003,2026-01-21T02:00:00.000+08:00,2,0.016780148289926355
STN_0003,2026-01-21T03:00:00.000+08:00,1,0.032180777122071014
STN_0003,2026-01-21T04:00:00.000+08:00,-1,0.2341943357447418
STN_0003,2026-01-21T05:00:00.000+08:00,-3,-0.24998889094763488
STN_0003,2026-01-21T06:00:00.000+08:00,2,0.1754494771460422
STN_0003,2026-01-21T07:00:00.000+08:00,1,0.372231837221209
STN_0003,2026-01-21T08:00:00.000+08:00,-1,-0.06465230803382616
STN_0003,2026-01-21T09:00:00.000+08:00,-1,0.21479659493286984
STN_0003,2026-01-21T10:00:00.000+08:00,-1,0.06354378506731528
STN_0003,2026-01-21T11:00:00.000+08:00,-2,0.3209313194154819
STN_0003,2026-01-21T12:00:00.000+08:00,1,0.3120329312053216
STN_0003,2026-01-21T13:00:00.000+08:00,0,-0.2625045784895276
STN_0003,2026-01-21T14:00:00.000+08:00,0,-0.34678214024519854
STN_0003,2026-01-21T15:00:00.000+08:00,0,-0.06984646975287587
STN_0003,2026-01-21T16:00:00.000+08:00,0,-0.06852759793347617
STN_0003,2026-01-21T17:00:00.000+08:00,0,0.0790811582134617
STN_0003,2026-01-21T18:00:00.000+08:00,0,-0.015290139704945443
STN_0003,2026-01-21T19:00:00.000+08:00,2,0.6922914382438021
STN_0003,2026-01-21T20:00:00.000+08:00,0,0.3055492211051456
STN_0003,2026-01-21T21:00:00.000+08:00,-7,-3.2949667476002586
STN_0003,2026-01-21T22:00:00.000+08:00,2,-0.5469599038248214
STN_0003,2026-01-21T23:00:00.000+08:00,0,-0.8033953541647123
STN_0003,2026-01-22T00:00:00.000+08:00,-1,-0.4072236711852044
STN_0003,2026-01-22T01:00:00.000+08:00,-1,-0.27390316453871444
STN_0003,2026-01-22T02:00:00.000+08:00,0,-0.3449603899981226
STN_0003,2026-01-22T03:00:00.000+08:00,-1,-0.1843414275847466
STN_0003,2026-01-22T04:00:00.000+08:00,1,-0.32272843746991686
STN_0003,2026-01-22T05:00:00.000+08:00,-5,-0.8395860420256498
STN_0003,2026-01-22T06:00:00.000+08:00,1,-0.5685760708903995
STN_0003,2026-01-22T07:00:00.000+08:00,1,-0.20671784926279235
STN_0003,2026-01-22T08:00:00.000+08:00,1,-0.05476489097832671
STN_0003,2026-01-22T09:00:00.000+08:00,0,0.13251538665410934
STN_0003,2026-01-22T10:00:00.000+08:00,0,0.07787068804645303
STN_0003,2026-01-22T11:00:00.000+08:00,1,0.19736071027001678
STN_0003,2026-01-22T12:00:00.000+08:00,-1,0.3053786340397273
STN_0003,2026-01-22T13:00:00.000+08:00,0,0.12706250931306007
STN_0003,2026-01-22T14:00:00.000+08:00,0,0.14394212850811494
STN_0003,2026-01-22T15:00:00.000+08:00,1,-0.01692396048173872
STN_0003,2026-01-22T16:00:00.000+08:00,0,-0.045464059937034534
STN_0003,2026-01-22T17:00:00.000+08:00,0,-0.04308478677572786
STN_0003,2026-01-22T18:00:00.000+08:00,0,-0.16809360451540817
STN_0003,2026-01-22T19:00:00.000+08:00,0,0.6876504082845484
STN_0003,2026-01-22T20:00:00.000+08:00,-2,-0.9139255903221237
STN_0003,2026-01-22T21:00:00.000+08:00,-6,-4.433862852421921
STN_0003,2026-01-22T22:00:00.000+08:00,1,-1.578889866130969
STN_0003,2026-01-22T23:00:00.000+08:00,0,-1.1042032097461725
STN_0003,2026-01-23T00:00:00.000+08:00,1,-0.49454725199916005
STN_0003,2026-01-23T01:00:00.000+08:00,0,-0.9891373970677009
STN_0003,2026-01-23T02:00:00.000+08:00,-2,-0.31238287215878247
STN_0003,2026-01-23T03:00:00.000+08:00,3,0.43705163681172765
STN_0003,2026-01-23T04:00:00.000+08:00,0,-0.20083792051731164
STN_0003,2026-01-23T05:00:00.000+08:00,2,-0.07201800415520099
STN_0003,2026-01-23T06:00:00.000+08:00,1,-0.37463951625211234
STN_0003,2026-01-23T07:00:00.000+08:00,1,0.09814176274305186
STN_0003,2026-01-23T08:00:00.000+08:00,2,0.46180983754327753
STN_0003,2026-01-23T09:00:00.000+08:00,2,0.3180905594222976
STN_0003,2026-01-23T10:00:00.000+08:00,-3,0.2154210040588207
STN_0003,2026-01-23T11:00:00.000+08:00,-1,0.49332652944286326
STN_0003,2026-01-23T12:00:00.000+08:00,0,0.4220549581059787
STN_0003,2026-01-23T13:00:00.000+08:00,1,0.16999770679318071
STN_0003,2026-01-23T14:00:00.000+08:00,0,-0.11398715642225199
STN_0003,2026-01-23T15:00:00.000+08:00,0,-0.16817588825801175
STN_0003,2026-01-23T16:00:00.000+08:00,1,0.022602150290603043
STN_0003,2026-01-23T17:00:00.000+08:00,1,0.043631156910010724
STN_0003,2026-01-23T18:00:00.000+08:00,0,0.0744961190647652
STN_0003,2026-01-23T19:00:00.000+08:00,1,1.6301077508085144
STN_0003,2026-01-23T20:00:00.000+08:00,-1,0.39855412576350524
STN_0003,2026-01-23T21:00:00.000+08:00,-4,-1.694071881813703
STN_0003,2026-01-23T22:00:00.000+08:00,2,-0.4074102598679601
STN_0003,2026-01-23T23:00:00.000+08:00,2,-0.652937439953643
STN_0003,2026-01-24T00:00:00.000+08:00,-3,-0.4846498194990474
STN_0003,2026-01-24T01:00:00.000+08:00,2,0.1884730018150873
STN_0003,2026-01-24T02:00:00.000+08:00,-3,-0.1624645669203142
STN_0003,2026-01-24T03:00:00.000+08:00,0,0.054722489424320564
STN_0003,2026-01-24T04:00:00.000+08:00,-1,-0.3695022565315482
STN_0003,2026-01-24T05:00:00.000+08:00,0,-0.3336620297196453
STN_0003,2026-01-24T06:00:00.000+08:00,2,-0.5398616171109696
STN_0003,2026-01-24T07:00:00.000+08:00,1,-0.07660047754400079
STN_0003,2026-01-24T08:00:00.000+08:00,-1,0.04601769700561986
STN_0003,2026-01-24T09:00:00.000+08:00,0,0.08463132182974187
STN_0003,2026-01-24T10:00:00.000+08:00,1,0.47426868461948346
STN_0003,2026-01-24T11:00:00.000+08:00,0,0.18063150288629815
STN_0003,2026-01-24T12:00:00.000+08:00,0,0.46415000050493416
STN_0003,2026-01-24T13:00:00.000+08:00,3,0.11970305181450092
STN_0003,2026-01-24T14:00:00.000+08:00,0,0.15577434513084187
STN_0003,2026-01-24T15:00:00.000+08:00,0,0.16088441995700192
STN_0003,2026-01-24T16:00:00.000+08:00,1,0.04959938312056397
STN_0003,2026-01-24T17:00:00.000+08:00,0,0.04154074454873358
STN_0003,2026-01-24T18:00:00.000+08:00,0,0.013476608868532719
STN_0003,2026-01-24T19:00:00.000+08:00,0,0.22976703926398234
STN_0003,2026-01-24T20:00:00.000+08:00,-1,-0.10016041598142011
STN_0003,2026-01-24T21:00:00.000+08:00,0,0.47099207791779885
STN_0003,2026-01-24T22:00:00.000+08:00,2,0.5776023438694057
STN_0003,2026-01-24T23:00:00.000+08:00,1,0.6251265410234129
STN_0003,2026-01-25T00:00:00.000+08:00,2,1.1168323442634551
STN_0003,2026-01-25T01:00:00.000+08:00,0,1.3302583556204084
STN_0003,2026-01-25T02:00:00.000+08:00,1,1.4707093917130876
STN_0003,2026-01-25T03:00:00.000+08:00,-2,0.6447417379021427
STN_0003,2026-01-25T04:00:00.000+08:00,-1,0.156510475507617
STN_0003,2026-01-25T05:00:00.000+08:00,-1,-0.3782883295357682
STN_0003,2026-01-25T06:00:00.000+08:00,0,-0.27079839623131674
STN_0003,2026-01-25T07:00:00.000+08:00,0,-0.5330832096608136
STN_0003,2026-01-25T08:00:00.000+08:00,0,-0.5751094840781261
STN_0003,2026-01-25T09:00:00.000+08:00,0,0.12845502192003067
STN_0003,2026-01-25T10:00:00.000+08:00,1,0.14970108519321645
STN_0003,2026-01-25T11:00:00.000+08:00,0,0.2876412749713222
STN_0003,2026-01-25T12:00:00.000+08:00,0,0.3346398446102241
STN_0003,2026-01-25T13:00:00.000+08:00,1,0.3253460740652935
STN_0003,2026-01-25T14:00:00.000+08:00,-1,0.06329344800592421
STN_0003,2026-01-25T15:00:00.000+08:00,0,0.15910469036303315
STN_0003,2026-01-25T16:00:00.000+08:00,0,-0.025016945763441295
STN_0003,2026-01-25T17:00:00.000+08:00,0,-0.03222530451557371
STN_0003,2026-01-25T18:00:00.000+08:00,0,-0.09506576684048185
STN_0003,2026-01-25T19:00:00.000+08:00,1,-0.24411409467116038
STN_0003,2026-01-25T20:00:00.000+08:00,0,-5.567201900652519E-4
STN_0003,2026-01-25T21:00:00.000+08:00,-1,-0.3270472158817116
STN_0003,2026-01-25T22:00:00.000+08:00,1,0.639897349407887
STN_0003,2026-01-25T23:00:00.000+08:00,-2,-0.11242358613431502
STN_0003,2026-01-26T00:00:00.000+08:00,1,0.7014277521605097
STN_0003,2026-01-26T01:00:00.000+08:00,-1,-0.1938533642394118
STN_0003,2026-01-26T02:00:00.000+08:00,1,0.1601193273974395
STN_0003,2026-01-26T03:00:00.000+08:00,1,0.23284591422342182
STN_0003,2026-01-26T04:00:00.000+08:00,1,-0.14725060907050125
STN_0003,2026-01-26T05:00:00.000+08:00,0,0.38980162108506144
STN_0003,2026-01-26T06:00:00.000+08:00,-2,-0.2350240621557531
STN_0003,2026-01-26T07:00:00.000+08:00,-1,0.008759114484961694
STN_0003,2026-01-26T08:00:00.000+08:00,1,-0.19246307119459716
STN_0003,2026-01-26T09:00:00.000+08:00,-2,-0.23104400049763818
STN_0003,2026-01-26T10:00:00.000+08:00,0,-0.14347700999919355
STN_0003,2026-01-26T11:00:00.000+08:00,1,-0.05577005910935945
STN_0003,2026-01-26T12:00:00.000+08:00,0,0.10557794218279148
STN_0003,2026-01-26T13:00:00.000+08:00,0,0.10223865171774793
STN_0003,2026-01-26T14:00:00.000+08:00,0,-0.05047172724683169
STN_0003,2026-01-26T15:00:00.000+08:00,0,0.16395135148340761
STN_0003,2026-01-26T16:00:00.000+08:00,0,0.014160140110323585
STN_0003,2026-01-26T17:00:00.000+08:00,0,-0.007069874885186053
STN_0003,2026-01-26T18:00:00.000+08:00,0,-0.011585642835754584
STN_0003,2026-01-26T19:00:00.000+08:00,1,-0.01943414882999092
STN_0003,2026-01-26T20:00:00.000+08:00,0,0.2859127768717392
STN_0003,2026-01-26T21:00:00.000+08:00,-4,-1.7234456641735183
STN_0003,2026-01-26T22:00:00.000+08:00,-3,-1.0478738183585459
STN_0003,2026-01-26T23:00:00.000+08:00,0,-0.6917263862480434
STN_0003,2026-01-27T00:00:00.000+08:00,0,-1.1138998881955235
STN_0003,2026-01-27T01:00:00.000+08:00,-1,-0.8781097219378717
STN_0003,2026-01-27T02:00:00.000+08:00,0,-0.8371799541980562
STN_0003,2026-01-27T03:00:00.000+08:00,-1,-0.7922961088323326
STN_0003,2026-01-27T04:00:00.000+08:00,0,-0.4016170805482915
STN_0003,2026-01-27T05:00:00.000+08:00,0,-0.616852793784672
STN_0003,2026-01-27T06:00:00.000+08:00,-2,-0.34862654258980386
STN_0003,2026-01-27T07:00:00.000+08:00,1,-0.030017272513430893
STN_0003,2026-01-27T08:00:00.000+08:00,-1,-0.25898623201751914
STN_0003,2026-01-27T09:00:00.000+08:00,-1,-0.11150436893122584
STN_0003,2026-01-27T10:00:00.000+08:00,-1,-0.22839684910272928
STN_0003,2026-01-27T11:00:00.000+08:00,2,-0.11076918580921324
STN_0003,2026-01-27T12:00:00.000+08:00,0,0.1387646336206414
STN_0003,2026-01-27T13:00:00.000+08:00,0,-0.05988110661175111
STN_0003,2026-01-27T14:00:00.000+08:00,0,0.0460578449198597
STN_0003,2026-01-27T15:00:00.000+08:00,0,0.0859030484251973
STN_0003,2026-01-27T16:00:00.000+08:00,0,0.08618185226578698
STN_0003,2026-01-27T17:00:00.000+08:00,0,-0.003804084323979051
STN_0003,2026-01-27T18:00:00.000+08:00,0,-0.006861562729896138
STN_0003,2026-01-27T19:00:00.000+08:00,1,0.09608497546840705
STN_0003,2026-01-27T20:00:00.000+08:00,-5,-2.7652884403923657
STN_0003,2026-01-27T21:00:00.000+08:00,3,-2.303419325817042
STN_0003,2026-01-27T22:00:00.000+08:00,-3,-1.3680820478856646
STN_0003,2026-01-27T23:00:00.000+08:00,2,-0.4442742515727045
STN_0003,2026-01-28T00:00:00.000+08:00,3,-0.4301717509897687
STN_0003,2026-01-28T01:00:00.000+08:00,-1,-0.4548665711437647
STN_0003,2026-01-28T02:00:00.000+08:00,0,0.10511260912234865
STN_0003,2026-01-28T03:00:00.000+08:00,0,-0.15936743924818209
STN_0003,2026-01-28T04:00:00.000+08:00,-1,0.25422218599969537
STN_0003,2026-01-28T05:00:00.000+08:00,1,0.7152595013909255
STN_0003,2026-01-28T06:00:00.000+08:00,-5,-0.9198568469711228
STN_0003,2026-01-28T07:00:00.000+08:00,-1,0.28007300425943127
STN_0003,2026-01-28T08:00:00.000+08:00,3,-0.09857689758583854
STN_0003,2026-01-28T09:00:00.000+08:00,0,-0.27576445635464286
STN_0003,2026-01-28T10:00:00.000+08:00,0,-0.10578048767429182
STN_0003,2026-01-28T11:00:00.000+08:00,1,-0.24548271619198547
STN_0003,2026-01-28T12:00:00.000+08:00,0,0.30558675133208113
STN_0003,2026-01-28T13:00:00.000+08:00,0,0.3542651209186414
STN_0003,2026-01-28T14:00:00.000+08:00,0,0.02624283834871316
STN_0003,2026-01-28T15:00:00.000+08:00,0,0.1084581860299193
STN_0003,2026-01-28T16:00:00.000+08:00,0,0.07386230981306988
STN_0003,2026-01-28T17:00:00.000+08:00,0,-7.543997241629269E-4
STN_0003,2026-01-28T18:00:00.000+08:00,0,0.0138916005891788
STN_0003,2026-01-28T19:00:00.000+08:00,2,0.6599659485921817
STN_0003,2026-01-28T20:00:00.000+08:00,-1,-0.40385352395808427
STN_0003,2026-01-28T21:00:00.000+08:00,-4,-1.6782774651124495
STN_0003,2026-01-28T22:00:00.000+08:00,-1,-0.6642499435139522
STN_0003,2026-01-28T23:00:00.000+08:00,-1,-0.5874081481284521
STN_0003,2026-01-29T00:00:00.000+08:00,-1,-0.23981739477161668
STN_0003,2026-01-29T01:00:00.000+08:00,1,-0.05757027836147355
STN_0003,2026-01-29T02:00:00.000+08:00,0,-0.14573002251475442
STN_0003,2026-01-29T03:00:00.000+08:00,-3,-0.5017268779218673
STN_0003,2026-01-29T04:00:00.000+08:00,0,-0.6131348294437204
STN_0003,2026-01-29T05:00:00.000+08:00,2,-0.5924971763968321
STN_0003,2026-01-29T06:00:00.000+08:00,-1,-0.7655418677938934
STN_0003,2026-01-29T07:00:00.000+08:00,3,0.5575003624674064
STN_0003,2026-01-29T08:00:00.000+08:00,2,0.211357886215219
STN_0003,2026-01-29T09:00:00.000+08:00,2,0.43249594419231085
STN_0003,2026-01-29T10:00:00.000+08:00,1,0.40979907274530825
STN_0003,2026-01-29T11:00:00.000+08:00,1,0.2403388681740386
STN_0003,2026-01-29T12:00:00.000+08:00,0,0.6157879358522829
STN_0003,2026-01-29T13:00:00.000+08:00,0,0.43540637260241927
STN_0003,2026-01-29T14:00:00.000+08:00,-1,0.028874431164674058
STN_0003,2026-01-29T15:00:00.000+08:00,0,0.1031145028558087
STN_0003,2026-01-29T16:00:00.000+08:00,0,-0.006103252045631037
STN_0003,2026-01-29T17:00:00.000+08:00,0,-0.0065427437213809655
STN_0003,2026-01-29T18:00:00.000+08:00,0,0.008299555782604731
STN_0003,2026-01-29T19:00:00.000+08:00,2,0.7964784426735035
STN_0003,2026-01-29T20:00:00.000+08:00,-3,-1.1215193607834724
STN_0003,2026-01-29T21:00:00.000+08:00,-5,-3.380252248105679
STN_0003,2026-01-29T22:00:00.000+08:00,1,-1.3670399072525288
STN_0003,2026-01-29T23:00:00.000+08:00,-2,-1.018216290597922
STN_0003,2026-01-30T00:00:00.000+08:00,2,-0.24093270006970613
STN_0003,2026-01-30T01:00:00.000+08:00,1,-0.3197075261330262
STN_0003,2026-01-30T02:00:00.000+08:00,-1,-0.6462261215112242
STN_0003,2026-01-30T03:00:00.000+08:00,1,0.06412815417601503
STN_0003,2026-01-30T04:00:00.000+08:00,-2,-0.25053601045563756
STN_0003,2026-01-30T05:00:00.000+08:00,3,1.2571573089629104
STN_0003,2026-01-30T06:00:00.000+08:00,-3,-0.6547622799509298
STN_0003,2026-01-30T07:00:00.000+08:00,4,0.3315655692262318
STN_0003,2026-01-30T08:00:00.000+08:00,3,0.13781587348572488
STN_0003,2026-01-30T09:00:00.000+08:00,-3,0.005645574620636307
STN_0003,2026-01-30T10:00:00.000+08:00,-1,0.2043962390216767
STN_0003,2026-01-30T11:00:00.000+08:00,-1,0.4169116452707893
STN_0003,2026-01-30T12:00:00.000+08:00,0,0.3024575264288294
STN_0003,2026-01-30T13:00:00.000+08:00,-1,-0.1340996252046619
STN_0003,2026-01-30T14:00:00.000+08:00,1,-0.2920278730056602
STN_0003,2026-01-30T15:00:00.000+08:00,0,-0.11718328993313867
STN_0003,2026-01-30T16:00:00.000+08:00,0,-0.13674819091933327
STN_0003,2026-01-30T17:00:00.000+08:00,0,-0.07615565980791428
STN_0003,2026-01-30T18:00:00.000+08:00,0,-0.23237026979546754
STN_0003,2026-01-30T19:00:00.000+08:00,-1,0.11002908738780615
STN_0003,2026-01-30T20:00:00.000+08:00,-2,-0.890308531686353
STN_0003,2026-01-30T21:00:00.000+08:00,-2,-1.6237178154044303
STN_0003,2026-01-30T22:00:00.000+08:00,-2,-1.8918595034921855
STN_0003,2026-01-30T23:00:00.000+08:00,2,-0.8127930461494881
STN_0003,2026-01-31T00:00:00.000+08:00,0,-1.0791224164419817
STN_0003,2026-01-31T01:00:00.000+08:00,-1,-0.7539333885510091
STN_0003,2026-01-31T02:00:00.000+08:00,1,-0.20936370231032964
STN_0003,2026-01-31T03:00:00.000+08:00,-2,-0.8320262472939377
STN_0003,2026-01-31T04:00:00.000+08:00,-3,-0.4241789530235802
STN_0003,2026-01-31T05:00:00.000+08:00,5,0.3156067351161145
STN_0003,2026-01-31T06:00:00.000+08:00,1,-0.09786622421607172
STN_0003,2026-01-31T07:00:00.000+08:00,4,0.44183329234897695
STN_0003,2026-01-31T08:00:00.000+08:00,-1,-0.03699479580306786
STN_0003,2026-01-31T09:00:00.000+08:00,-1,0.5851102149414726
STN_0003,2026-01-31T10:00:00.000+08:00,0,0.6726613708832021
STN_0003,2026-01-31T11:00:00.000+08:00,0,0.4528116735526849
STN_0003,2026-01-31T12:00:00.000+08:00,1,0.42922701130036334
STN_0003,2026-01-31T13:00:00.000+08:00,1,0.09945178570451424
STN_0003,2026-01-31T14:00:00.000+08:00,0,0.030856457158466244
STN_0003,2026-01-31T15:00:00.000+08:00,0,0.144815724416918
STN_0003,2026-01-31T16:00:00.000+08:00,0,0.007300090517189467
STN_0003,2026-01-31T17:00:00.000+08:00,0,-0.025813008875473636
STN_0003,2026-01-31T18:00:00.000+08:00,0,-0.12148238341648054
STN_0003,2026-01-31T19:00:00.000+08:00,0,0.015521659247845626
STN_0003,2026-01-31T20:00:00.000+08:00,0,-0.06617509589783985
STN_0003,2026-01-31T21:00:00.000+08:00,-1,-0.025731608027268038
STN_0003,2026-01-31T22:00:00.000+08:00,3,1.060396508946573
STN_0003,2026-01-31T23:00:00.000+08:00,0,0.48212681743833474
STN_0003,2026-02-01T00:00:00.000+08:00,1,0.8657508522930091
STN_0003,2026-02-01T01:00:00.000+08:00,0,0.6928678138219431
STN_0003,2026-02-01T02:00:00.000+08:00,2,0.9160748919942898
STN_0003,2026-02-01T03:00:00.000+08:00,0,0.8114294978000705
STN_0003,2026-02-01T04:00:00.000+08:00,1,0.6014094072448164
STN_0003,2026-02-01T05:00:00.000+08:00,0,0.8577050160883142
STN_0003,2026-02-01T06:00:00.000+08:00,0,0.8499870655452764
STN_0003,2026-02-01T07:00:00.000+08:00,1,0.4776721654126259
STN_0003,2026-02-01T08:00:00.000+08:00,1,0.31510290552599995
